tree
version=v4
num_class=1
num_tree_per_iteration=1
label_index=0
max_feature_idx=29
objective=binary sigmoid:1
feature_names=claim_amount_inr amount_to_list days_since_purchase warranty_used_frac customer_prior_claims photo_attached partner_inspected inspector_note_missing serial_messy auto_approved near_limit family serial_prior_claims serial_prior_other_partner partner_type partner_metro partner_age_days p_claims_30d p_claims_90d p_growth_30d_vs_180d p_small_share_30d p_near_limit_share_30d p_uninspected_share_30d p_mean_amount_to_list_90d p_serial_repeat_share_90d p_prior_claims_mean_90d p_labelled_n p_fraud_n p_fraud_90d p_fraud_rate_smoothed
feature_infos=[250:26728] [0.014864312014182464:0.99799899949974991] [5:719] [0.0068440648269820405:0.98417652212001749] [0:6] [0:1] [0:1] [0:1] [0:1] [0:1] [0:1] -1:4:1:3:5:0:2:6 [0:5] [0:5] -1:0:1:2 [0:1] [1.0118055555555556:1850.6881944444444] [0:10] [0:22] [0:3.2307692307692304] [0:1] [0:1] [0:1] [0:0.89999545433883354] [0:1] [0:2.25] [0:50] [0:13] [0:6] [0.0037142857142857142:0.25018867924528304]
tree_sizes=880 885 884 885 879 882 887 881 879 884 888 886 891 886 888 890 884 886 888 887 888 881 889 909 886 884 886 885 893 886 886 893 897 885 895 892 903 895 889 893 886 891 894 887 904 897 896 889 896 891 893 885 889 894 905 888 885 883 893 893 891 891 905 893 889 893 893 896 892 908 889 893 893 916 890 893 889 895 889 897 889 896 888 895 897 897 890 892 891 895 902 895 892 901 898 891 888 906 890 895 907 888 893 896 917 895 921 894 890 897 912 915 897 892 899 898 897 892 895 892 899 898 918 914 894 896 899 922 897 907 889 906 899 914 898 891 894 894 896 899 889 893 909 898 898 902 892 894 884 916 892 901 905 909 901 907 889 916 890 915 902 895 893 914 919 892 919 899 897 898 897 898 895 920 900 896 893 895 902 893 896 894 894 899 897 898 891 888 892 897 896 918 894 913 907 898 890 904 892 896 897 898 897 903 907 895 896 915 921 894 894 900 892 891 902 898 895 894 919 908 891 904 920 894 897 893 900 924 897 888 894 892 896 894 904 898 897 893 896 896 891 897 919 892 896 895 898 902 896 894

Tree=0
num_leaves=7
num_cat=1
split_feature=29 1 28 4 29 14
split_gain=655.71 285.59 11.984 8.37113 5.81394 4.58205
threshold=0.045100000000000008 0.49564771049295164 1.0000000180025095e-35 1.5000000000000002 0.027695652173913048 0
decision_type=2 2 2 2 2 1
left_child=2 -2 3 -1 -4 -5
right_child=1 -3 4 5 -6 -7
leaf_value=-4.2899962801236864 -4.2421333824805325 -3.7562916291276247 -4.2065693147451704 -4.2281928497564243 -4.2754238567996099 -4.276607575317211
leaf_weight=101.97901822067797 2.0734954504296179 1.0843049464747307 0.54351124912500326 1.2962743686512113 1.516396405175328 2.9023501351475707
leaf_count=8189 162 81 40 106 117 231
internal_value=-4.27109 -3.94048 -4.28655 -4.28821 -4.23455 -4.25272
internal_weight=111.395 3.1578 108.238 106.178 2.05991 4.19862
internal_count=8926 243 8683 8526 157 337
cat_boundaries=0 1
cat_threshold=2
is_linear=0
shrinkage=1


Tree=1
num_leaves=7
num_cat=0
split_feature=29 1 18 7 4 23
split_gain=494.786 191.63 31.4309 16.24 13.9224 5.81955
threshold=0.045100000000000008 0.49564771049295164 13.500000000000002 1.0000000180025095e-35 1.5000000000000002 0.12861209406441076
decision_type=2 2 2 2 2 2
left_child=2 -2 4 -4 5 -1
right_child=1 -3 3 -5 -6 -7
leaf_value=0.012646940180906684 0.026510608035396063 0.40764223372582381 -0.0098255729567513755 0.11866347286071981 0.027804519279954899 -0.020987515910132402
leaf_weight=3.5929627837613216 2.2299703173339362 1.5620529502630232 0.95455703791230806 0.42039258033037186 4.1971857640892258 96.772508558817208
leaf_count=323 170 71 77 32 334 7879
internal_value=-6.78574e-05 0.270058 -0.0145618 0.0764995 -0.0171725 -0.0195599
internal_weight=109.73 3.79202 105.938 1.37495 104.563 100.365
internal_count=8886 241 8645 109 8536 8202
is_linear=0
shrinkage=0.03


Tree=2
num_leaves=7
num_cat=0
split_feature=29 1 16 9 2 1
split_gain=491.407 130.158 25.5261 53.6171 14.0169 8.60259
threshold=0.045100000000000008 0.45628716554946863 180.45312500000003 1.0000000180025095e-35 292.50000000000006 0.74668944155615147
decision_type=2 2 2 2 2 2
left_child=2 -2 3 -1 -5 -4
right_child=1 -3 5 4 -6 -7
leaf_value=-0.018190679230644612 0.027474793868334541 0.33842170432851665 -0.021144772496103848 0.15228948263533859 -0.0055503145057009618 0.023414324299134169
leaf_weight=5.4337566997855893 2.1591057004407039 2.6340230563655496 95.280562273226678 0.96011541970074155 0.44662030413746834 2.4743540380150071
leaf_count=453 160 85 7923 71 34 203
internal_value=0.000290003 0.24768 -0.0154812 0.0341598 0.128338 -0.0195701
internal_weight=109.389 4.79313 104.595 6.84049 1.40674 97.7549
internal_count=8929 245 8684 558 105 8126
is_linear=0
shrinkage=0.03


Tree=3
num_leaves=7
num_cat=0
split_feature=28 1 16 9 23 1
split_gain=355.332 147.024 16.1915 35.9717 8.67794 5.86624
threshold=1.0000000180025095e-35 0.55747392517278527 180.45312500000003 1.0000000180025095e-35 0.34266354957356604 0.68650496475651146
decision_type=2 2 2 2 2 2
left_child=2 4 3 -1 -2 -4
right_child=1 -3 5 -5 -6 -7
leaf_value=-0.018035520654450833 0.058863345995966029 0.2934083809203355 -0.020323397992550091 0.10157470406589585 -0.0091393404255358628 0.013734346231670346
leaf_weight=5.3437910769134751 1.7036979999393218 2.9037790019065142 90.39632929675281 1.4152194084599612 2.2592047704383731 3.4531574714928857
leaf_count=454 119 76 7666 97 161 278
internal_value=0.00026887 0.182469 -0.0154808 0.0244835 0.0300333 -0.0188098
internal_weight=107.475 6.86668 100.608 6.75901 3.9629 93.8495
internal_count=8851 356 8495 551 280 7944
is_linear=0
shrinkage=0.03


Tree=4
num_leaves=7
num_cat=0
split_feature=29 16 9 2 0 26
split_gain=371.28 27.3939 61.2463 15.9192 14.4535 7.1557
threshold=0.045100000000000008 180.45312500000003 1.0000000180025095e-35 294.50000000000006 1336.5000000000002 1.5000000000000002
decision_type=2 2 2 2 2 2
left_child=1 2 -1 -4 -2 -3
right_child=4 5 3 -5 -6 -7
leaf_value=-0.021977258498611572 0.03277277407639427 0.0079401185478182399 0.15516291455158809 -0.0060033841403193166 0.20964040561399103 -0.02097268082066216
leaf_weight=5.2233322057873002 1.3321767933666695 7.4117617048323146 1.2368007805198429 0.49120770581066597 5.3505708202719688 87.281408412382007
leaf_count=451 88 723 72 34 160 7445
internal_value=0.00164028 -0.0141755 0.0367014 0.130707 0.190053 -0.0185922
internal_weight=108.327 101.645 6.95134 1.72801 6.68275 94.6932
internal_count=8973 8725 557 106 248 8168
is_linear=0
shrinkage=0.03


Tree=5
num_leaves=7
num_cat=0
split_feature=29 1 16 9 1 24
split_gain=294.036 68.7522 25.5561 46.1088 10.7851 5.39982
threshold=0.045100000000000008 0.55747392517278527 180.45312500000003 1.0000000180025095e-35 0.74668944155615147 0.14835164835164838
decision_type=2 2 2 2 2 2
left_child=2 -2 3 -1 -4 -6
right_child=1 -3 4 -5 5 -7
leaf_value=-0.017543120109785405 0.024065379793942472 0.21760304537176881 -0.019001457917304052 0.11353518575872497 0.056181538048083339 -0.005853983766574658
leaf_weight=5.0684976652264586 2.9549646424129596 4.4988170601427555 90.331105074845254 1.963188220746815 0.78102270234376137 1.6977832764387129
leaf_count=445 169 66 7954 108 67 131
internal_value=0.00219161 0.1622 -0.0127048 0.0360905 -0.017085 0.0300516
internal_weight=107.295 7.45378 99.8416 7.03169 92.8099 2.47881
internal_count=8940 235 8705 553 8152 198
is_linear=0
shrinkage=0.03


Tree=6
num_leaves=7
num_cat=0
split_feature=28 1 23 16 9 1
split_gain=214.508 56.3742 14.5845 8.08045 18.1923 7.95238
threshold=1.0000000180025095e-35 0.55747392517278527 0.34642745570658134 180.45312500000003 1.0000000180025095e-35 0.68650496475651146
decision_type=2 2 2 2 2 2
left_child=3 2 -2 4 -1 -5
right_child=1 -3 -4 5 -6 -7
leaf_value=-0.017657350774211423 0.063396197918380248 0.17444655054960143 -0.01734361993454096 -0.019408895349856792 0.064268963677607926 0.019614954730006785
leaf_weight=5.1347888885065904 2.1608743118122202 5.118063285946846 2.6137614976614714 85.578483222052455 1.8066841661930082 3.4086639657616606
leaf_count=458 135 75 165 7662 91 271
internal_value=-0.000459602 0.119862 0.0271253 -0.0150624 0.0132719 -0.0175158
internal_weight=105.821 9.8927 4.77464 95.9286 6.94147 88.9871
internal_count=8857 375 300 8482 549 7933
is_linear=0
shrinkage=0.03


Tree=7
num_leaves=7
num_cat=0
split_feature=29 1 18 9 1 0
split_gain=240.962 28.2178 25.1783 19.6942 9.24102 6.04002
threshold=0.045100000000000008 0.55747392517278527 12.500000000000002 1.0000000180025095e-35 0.74668944155615147 1996.0000000000002
decision_type=2 2 2 2 2 2
left_child=2 5 4 -4 -1 -2
right_child=1 -3 3 -5 -6 -7
leaf_value=-0.017179487239424085 0.050674773676600768 0.16219740332450019 -0.0071037786705654095 0.11441859139609757 0.027069188382093979 -0.011552595196851003
leaf_weight=91.274120253510773 2.0720107946544872 6.4657918214797974 1.8996140211820596 0.490007048472762 2.7104923557490102 1.1969353444874284
leaf_count=8251 121 70 170 21 211 58
internal_value=0.00300487 0.131451 -0.0123782 0.058593 -0.0153659 0.0321536
internal_weight=106.109 9.73474 96.3742 2.38962 93.9846 3.26895
internal_count=8902 249 8653 191 8462 179
is_linear=0
shrinkage=0.03


Tree=8
num_leaves=7
num_cat=0
split_feature=28 1 18 23 0 4
split_gain=219.815 47.1255 11.9606 9.35174 9.60532 6.26606
threshold=1.0000000180025095e-35 0.55747392517278527 13.500000000000002 0.35509733590638226 1548.5000000000002 1.5000000000000002
decision_type=2 2 2 2 2 2
left_child=2 3 5 4 -2 -1
right_child=1 -3 -4 -5 -6 -7
leaf_value=-0.017354933050881437 0.075936697605990866 0.15508633106290454 0.044084175841803158 -0.01572290532404659 -0.010776409978060942 0.016088993035211229
leaf_weight=87.907800965942442 1.3905522851273402 7.0835760664194822 1.2315944815054525 2.118835685774684 1.0765631264075635 3.8250598236918441
leaf_count=8058 88 79 96 138 60 324
internal_value=0.00228941 0.114729 -0.0139438 0.0242263 0.0502143 -0.0156469
internal_weight=104.634 11.6695 92.9645 4.58595 2.46712 91.7329
internal_count=8843 365 8478 286 148 8382
is_linear=0
shrinkage=0.03


Tree=9
num_leaves=7
num_cat=0
split_feature=28 0 16 9 2 0
split_gain=191.081 21.6615 15.4179 25.8108 8.94516 6.4544
threshold=1.0000000180025095e-35 769.50000000000011 180.45312500000003 1.0000000180025095e-35 294.50000000000006 3654.5000000000005
decision_type=2 2 2 2 2 2
left_child=2 -2 3 -1 -5 -4
right_child=1 -3 5 4 -6 -7
leaf_value=-0.016874947873235319 -0.010720822790881032 0.11099117093404171 -0.022106181695164533 0.099831053929404348 -0.0068840738833334776 -0.0016945120532837709
leaf_weight=4.7269698223099104 1.084889132529496 11.962978341616688 67.123150666244328 1.4577578362077477 0.58253597281873215 17.903591218404472
leaf_count=443 73 308 6294 63 35 1673
internal_value=0.00158004 0.100791 -0.0143706 0.0243971 0.081037 -0.0179459
internal_weight=104.842 13.0479 91.794 6.76726 2.04029 85.0267
internal_count=8889 381 8508 541 98 7967
is_linear=0
shrinkage=0.03


Tree=10
num_leaves=7
num_cat=0
split_feature=28 1 16 16 9 4
split_gain=157.371 19.2775 18.8069 10.612 19.0042 8.6039
threshold=1.0000000180025095e-35 0.43603090113176862 529.55798611111129 180.45312500000003 1.0000000180025095e-35 1.5000000000000002
decision_type=2 2 2 2 2 2
left_child=3 2 -2 4 -1 -5
right_child=1 -3 -4 5 -6 -7
leaf_value=-0.017091330221685276 0.085870647720331442 0.11373773970884012 -0.014256031991597272 -0.020446980497501797 0.066059121954923875 0.020604003825009366
leaf_weight=4.8389320243149987 0.58554737363010545 8.3659384921193105 3.5938271544873714 79.77642475347966 2.0441733039915562 3.3099398249760261
leaf_count=461 28 105 226 7626 91 285
internal_value=-0.000871949 0.0908386 0.0230245 -0.0153573 0.0169162 -0.0183658
internal_weight=102.515 12.5453 4.17937 89.9695 6.88311 83.0864
internal_count=8822 359 254 8463 552 7911
is_linear=0
shrinkage=0.03


Tree=11
num_leaves=7
num_cat=0
split_feature=28 1 16 9 0 19
split_gain=146.304 30.4214 15.8916 27.1078 7.3823 6.83865
threshold=1.0000000180025095e-35 0.49564771049295164 180.45312500000003 1.0000000180025095e-35 3654.5000000000005 0.67948717948717952
decision_type=2 2 2 2 2 2
left_child=2 -2 3 -1 -4 -6
right_child=1 -3 4 -5 5 -7
leaf_value=-0.016760068229239988 0.013516331271100749 0.10877444820331324 -0.020382541778909146 0.082447162541900931 0.01871140071415469 -0.014795658184886122
leaf_weight=4.6744470577687016 4.8289850605651727 10.331550640054045 64.305447913706303 2.2526972163468599 8.405634233728053 9.5954602276906353
leaf_count=452 287 95 6274 94 776 930
internal_value=0.00323408 0.083544 -0.0119427 0.0267452 -0.015756 0.00115701
internal_weight=104.394 15.1605 89.2337 6.92714 82.3065 18.0011
internal_count=8908 382 8526 546 7980 1706
is_linear=0
shrinkage=0.03


Tree=12
num_leaves=7
num_cat=0
split_feature=28 16 9 0 4 0
split_gain=145.537 19.9627 27.4519 17.5635 5.41856 5.88552
threshold=1.0000000180025095e-35 180.45312500000003 1.0000000180025095e-35 1019.5000000000001 1.5000000000000002 3513.5000000000005
decision_type=2 2 2 2 2 2
left_child=1 2 -1 -2 -3 -6
right_child=3 4 -4 -5 5 -7
leaf_value=-0.016671875959018881 -0.0056353455980935703 -0.020493414034698145 0.081507671146269361 0.090709525816096009 -0.011689549283529416 0.043714761516161091
leaf_weight=4.6334031810984007 1.6588004678487767 77.219076507724822 2.5540114734321833 13.573580349795519 2.8547080233693118 0.84407613053917874
leaf_count=456 107 7639 99 249 249 68
internal_value=0.000918556 -0.0143754 0.0283644 0.0807813 -0.0187642 0.0118585
internal_weight=103.338 88.1053 7.18741 15.2324 80.9179 3.69878
internal_count=8867 8511 555 356 7956 317
is_linear=0
shrinkage=0.03


Tree=13
num_leaves=7
num_cat=0
split_feature=28 1 18 16 9 1
split_gain=120.911 18.9635 19.0261 15.521 22.1061 9.86293
threshold=1.0000000180025095e-35 0.43603090113176862 9.5000000000000018 168.50173611111111 1.0000000180025095e-35 0.74668944155615147
decision_type=2 2 2 2 2 2
left_child=3 2 -2 4 -1 -5
right_child=1 -3 -4 5 -6 -7
leaf_value=-0.016196019952118709 -0.020196115118065006 0.09086895769524822 0.075064820104327815 -0.018287262922276677 0.071781885656819228 0.02802485607330359
leaf_weight=4.4119764352217308 3.8929299637675312 11.518633736297486 0.84920757822692383 77.743273306638002 2.6911207642406225 2.6294857282191506
leaf_count=439 232 111 39 7856 96 207
internal_value=0.00215279 0.072466 0.0140699 -0.0122453 0.0255835 -0.0161285
internal_weight=103.737 16.2608 4.74214 87.4759 7.1031 80.3728
internal_count=8980 382 271 8598 535 8063
is_linear=0
shrinkage=0.03


Tree=14
num_leaves=7
num_cat=0
split_feature=28 18 0 9 25 4
split_gain=122.856 11.6046 11.4647 10.5371 9.47741 7.95177
threshold=1.0000000180025095e-35 12.500000000000002 951.50000000000011 1.0000000180025095e-35 0.23303167420814483 1.5000000000000002
decision_type=2 2 2 2 2 2
left_child=1 5 -2 -3 -4 -1
right_child=2 3 4 -5 -6 -7
leaf_value=-0.015302453642921448 -0.0036462060477950474 -0.0075483650731058881 0.013928425227365062 0.078807113153138195 0.090728801027418621 0.022118055678189918
leaf_weight=79.773353116586804 1.3872454585507537 1.9777473211288445 2.5072150742635122 0.47581233829259861 12.533590059727429 3.7271068366244426
leaf_count=8039 90 191 63 14 217 320
internal_value=0.00392279 -0.01091 0.0742913 0.0370684 0.0810639 -0.0131539
internal_weight=102.382 85.954 16.4281 2.45356 15.0408 83.5005
internal_count=8934 8564 370 205 280 8359
is_linear=0
shrinkage=0.03


Tree=15
num_leaves=7
num_cat=0
split_feature=29 18 9 4 4 16
split_gain=99.8952 21.4861 14.5925 10.3773 8.02731 5.90337
threshold=0.041322580645161297 12.500000000000002 1.0000000180025095e-35 1.0000000180025095e-35 1.5000000000000002 30.991666666666671
decision_type=2 2 2 2 2 2
left_child=1 4 -3 -2 5 -1
right_child=3 2 -4 -5 -6 -7
leaf_value=0.02709679380063261 0.029449460040652145 -0.0065462615996542328 0.09592862916113741 0.08886684960922886 0.02232448684631547 -0.016606997013525578
leaf_weight=1.1395038617774833 7.4172906335443249 1.8084487887099379 0.84766800329089154 8.5522705009207112 3.7037349417805663 78.852581903338432
leaf_count=73 177 172 21 103 308 8041
internal_value=0.00319213 -0.00998363 0.0533152 0.0676189 -0.0131899 -0.0153387
internal_weight=102.321 86.3519 2.65612 15.9696 83.6958 79.9921
internal_count=8895 8615 193 280 8422 8114
is_linear=0
shrinkage=0.03


Tree=16
num_leaves=7
num_cat=0
split_feature=28 1 18 22 26 4
split_gain=114.349 14.6765 31.8178 5.65585 9.43626 4.72577
threshold=1.0000000180025095e-35 0.55747392517278527 9.5000000000000018 0.87301587301587313 18.500000000000004 1.5000000000000002
decision_type=2 2 2 2 2 2
left_child=3 2 -2 5 -5 -1
right_child=1 -3 -4 4 -6 -7
leaf_value=-0.017630680102848909 -0.018617855086383243 0.081487590632394552 0.0936688049383404 0.045720476060177352 -0.014987830970961031 0.012530184089870928
leaf_weight=73.580144060775638 5.4420819235965636 12.57645785436034 1.3788959532976148 1.9443971076980222 3.8985777962952852 3.6076953168958417
leaf_count=7689 269 81 44 136 367 301
internal_value=0.00187125 0.0638274 0.0201725 -0.0137636 0.0117217 -0.0159401
internal_weight=102.428 19.3974 6.82098 83.0308 5.84297 77.1878
internal_count=8887 394 313 8493 503 7990
is_linear=0
shrinkage=0.03


Tree=17
num_leaves=7
num_cat=0
split_feature=28 16 9 0 1 24
split_gain=90.1449 16.5107 19.8334 11.2694 10.5387 7.92193
threshold=1.0000000180025095e-35 168.50173611111111 1.0000000180025095e-35 862.50000000000011 0.68650496475651146 0.14835164835164838
decision_type=2 2 2 2 2 2
left_child=1 2 -1 -2 -3 -6
right_child=3 4 -4 -5 5 -7
leaf_value=-0.015239433509876379 -0.011892514107602524 -0.018980470249530253 0.069268854941548247 0.064834225591837075 0.058088236596732443 -0.0092742999327450146
leaf_weight=4.0101936114951959 1.2772022867575312 72.13686100859195 2.8056408893316984 16.669936205260456 1.0601506764069193 2.2844200544059277
leaf_count=420 85 7733 92 287 95 187
internal_value=0.00140484 -0.012193 0.02737 0.0587291 -0.0163798 0.025825
internal_weight=100.244 82.2973 6.81583 17.9471 75.4814 3.34457
internal_count=8899 8527 512 372 8015 282
is_linear=0
shrinkage=0.03


Tree=18
num_leaves=7
num_cat=0
split_feature=29 18 4 6 27 23
split_gain=81.1854 14.2655 10.1778 7.36858 5.70608 5.14428
threshold=0.041322580645161297 12.500000000000002 1.5000000000000002 1.0000000180025095e-35 8.5000000000000018 0.46805477958313024
decision_type=2 2 2 2 2 2
left_child=1 2 5 -3 -2 -1
right_child=4 3 -4 -5 -6 -7
leaf_value=-0.017710402910503097 0.064162654531171676 0.068967905680071342 0.02537355317161772 -0.0051014855659605677 0.0047799248636884928 0.01738769096362399
leaf_weight=74.052990858443081 14.555962744168939 1.0145223569124937 3.9284160379320374 1.592753939330577 1.9674306102097023 2.4154769368469706
leaf_count=7836 229 33 320 158 36 266
internal_value=0.00148813 -0.0109424 -0.0135895 0.0411473 0.0583715 -0.0161868
internal_weight=99.5276 83.0042 80.3969 2.60728 16.5234 76.4685
internal_count=8878 8613 8422 191 265 8102
is_linear=0
shrinkage=0.03


Tree=19
num_leaves=7
num_cat=0
split_feature=28 16 9 1 16 1
split_gain=80.9481 12.1378 21.3492 10.6323 29.1988 7.59645
threshold=1.0000000180025095e-35 180.45312500000003 1.0000000180025095e-35 0.55747392517278527 215.90659722222225 0.68650496475651146
decision_type=2 2 2 2 2 2
left_child=1 2 -1 4 -2 -3
right_child=3 5 -4 -5 -6 -7
leaf_value=-0.020516687861488012 0.089020102252614655 -0.017738872502811642 0.064175300409836822 0.066893446878620116 -0.019064717982726614 0.020772137270778698
leaf_weight=4.18849769886583 1.2539700698107505 69.641883881296962 3.0592108909040689 13.483953095972536 5.6785093480721116 3.2887201281264415
leaf_count=451 27 7714 94 82 265 282
internal_value=0.00210319 -0.0117218 0.0213792 0.0525978 0.0160404 -0.0154942
internal_weight=100.595 80.1783 7.24771 20.4164 6.93248 72.9306
internal_count=8915 8541 545 374 292 7996
is_linear=0
shrinkage=0.03


Tree=20
num_leaves=7
num_cat=0
split_feature=27 1 16 16 9 1
split_gain=60.3199 16.62 24.4233 7.68435 13.1832 6.0221
threshold=1.0000000180025095e-35 0.55747392517278527 215.90659722222225 168.50173611111111 1.0000000180025095e-35 0.68650496475651146
decision_type=2 2 2 2 2 2
left_child=3 2 -2 4 -1 -5
right_child=1 -3 -4 5 -6 -7
leaf_value=-0.019907070718308172 0.077521979985522307 0.059789944014458217 -0.01617414452058942 -0.018828329186956753 0.047353662610684043 0.016549976259247357
leaf_weight=3.8284830041229716 1.3188997311517621 13.048486424610017 8.3858089791610819 66.063819173257798 2.9951622318476439 3.1287963688373557
leaf_count=420 27 95 540 7506 88 269
internal_value=-0.000864161 0.0399566 0.00762993 -0.0137937 0.0136578 -0.0168086
internal_weight=98.7695 22.7532 9.70471 76.0163 6.82365 69.1926
internal_count=8945 662 567 8283 508 7775
is_linear=0
shrinkage=0.03


Tree=21
num_leaves=7
num_cat=0
split_feature=28 16 9 16 1 4
split_gain=70.5099 13.9528 17.5746 10.6942 21.2982 9.6584
threshold=1.0000000180025095e-35 180.45312500000003 1.0000000180025095e-35 509.60902777777784 0.55747392517278527 1.5000000000000002
decision_type=2 2 2 2 2 2
left_child=1 2 -1 -2 -5 -3
right_child=3 5 -4 4 -6 -7
leaf_value=-0.015434404059289713 0.094882524966971152 -0.017670745869020552 0.0620656042443243 -0.013932462833948698 0.052710600077267661 0.024870577327229623
leaf_weight=4.0945620187558225 2.6923724776133922 66.9048359580338 3.1717922203242779 5.1530977217480567 12.417237643152474 3.4421529658138743
leaf_count=461 41 7671 93 257 70 290
internal_value=0.0025049 -0.0107435 0.0244891 0.0496573 0.0337389 -0.0149592
internal_weight=97.8761 77.6133 7.26635 20.2627 17.5703 70.347
internal_count=8883 8515 554 368 327 7961
is_linear=0
shrinkage=0.03


Tree=22
num_leaves=7
num_cat=0
split_feature=29 16 9 20 26 1
split_gain=69.3671 21.4091 28.0794 8.77286 6.64682 4.80505
threshold=0.045100000000000008 180.45312500000003 1.0000000180025095e-35 0.58571428571428574 1.5000000000000002 0.74668944155615147
decision_type=2 2 2 2 2 2
left_child=1 2 -1 -4 5 -3
right_child=-2 4 3 -5 -6 -7
leaf_value=-0.02028939590713524 0.051830175482583535 -0.0017088045595352735 0.0042327022365039246 0.095265516946951317 -0.017491783804309942 0.049929071699284636
leaf_weight=4.0449281316250545 18.94411061052233 5.3663515751250079 1.4529657661914828 2.5154209136962891 65.876520759426057 0.25033841561526049
leaf_count=455 246 693 42 59 7360 18
internal_value=0.0031872 -0.00939042 0.0321703 0.0745225 -0.0147974 0.0130988
internal_weight=98.4506 79.5065 8.01331 3.96839 71.4932 5.61669
internal_count=8873 8627 556 101 8071 711
is_linear=0
shrinkage=0.03


Tree=23
num_leaves=7
num_cat=1
split_feature=29 18 9 23 4 14
split_gain=48.8251 18.0887 10.4468 9.23784 8.80583 7.60577
threshold=0.041322580645161297 12.500000000000002 1.0000000180025095e-35 0.12861209406441076 1.0000000180025095e-35 0
decision_type=2 2 2 2 2 1
left_child=1 3 -3 5 -2 -1
right_child=4 2 -4 -5 -6 -7
leaf_value=0.053576959848983481 0.017253895953321517 -0.0059333709814682429 0.079401426161057193 -0.014139922157033196 0.061599058315383336 -0.013318332296325444
leaf_weight=1.5803869925439349 9.5587813472375291 1.7128768404945722 1.2563255401328206 72.107455648016185 9.4517935365438444 1.5561358546838164
leaf_count=165 180 178 20 8062 95 172
internal_value=0.00239833 -0.00831387 0.0475986 -0.0116955 0.0430666 0.028125
internal_weight=97.2238 78.2132 2.9692 75.244 19.0106 3.13652
internal_count=8872 8597 198 8399 275 337
cat_boundaries=0 1
cat_threshold=1
is_linear=0
shrinkage=0.03


Tree=24
num_leaves=7
num_cat=0
split_feature=29 16 26 4 4 16
split_gain=46.0604 20.7695 20.3926 9.9537 8.51733 4.68603
threshold=0.041322580645161297 168.50173611111111 15.500000000000002 1.0000000180025095e-35 1.5000000000000002 750.77465277777787
decision_type=2 2 2 2 2 2
left_child=1 2 -1 5 -3 -2
right_child=3 4 -4 -5 -6 -7
leaf_value=0.0011068976188360364 0.038038419539949631 -0.016579389948591202 0.091954703133372451 0.058647778395567479 0.02261821829723315 -0.0021033241859649918
leaf_weight=6.5256149386987081 2.1443719603121298 65.808272986672819 1.4127474464476106 10.596677011810241 3.6729185497388235 6.5801712479442358
leaf_count=503 29 7769 32 101 308 131
internal_value=0.00208336 -0.00846962 0.032526 0.0411968 -0.0139325 0.0130167
internal_weight=96.7408 77.4196 7.93836 19.3212 69.4812 8.72454
internal_count=8873 8612 535 261 8077 160
is_linear=0
shrinkage=0.03


Tree=25
num_leaves=7
num_cat=0
split_feature=1 16 9 29 4 2
split_gain=47.6994 33.902 29.9008 15.5617 8.19443 7.6731
threshold=0.54988772858683954 215.90659722222225 1.0000000180025095e-35 0.0098148148148148161 1.0000000180025095e-35 256.50000000000006
decision_type=2 2 2 2 2 2
left_child=1 2 -1 -2 -5 -4
right_child=3 -3 5 4 -6 -7
leaf_value=-0.016518164045395113 -0.0050356790634700421 -0.016311261080251521 0.089815364824153171 0.020580834058495 0.068224162838581556 0.0047417466483831499
leaf_weight=4.4748368170112354 5.1315224529244032 64.355082460679114 4.1776606626808643 7.7189905345439938 10.118535890709607 1.4035298041999338
leaf_count=501 520 7443 84 193 98 44
internal_value=0.00374914 -0.00809175 0.0384899 0.0396847 0.0517606 0.0753163
internal_weight=97.3802 74.4111 10.056 22.969 17.8375 5.58119
internal_count=8883 8072 629 811 291 128
is_linear=0
shrinkage=0.03


Tree=26
num_leaves=7
num_cat=0
split_feature=28 1 18 16 18 1
split_gain=50.5204 7.93511 10.7413 6.22823 8.27886 6.66035
threshold=1.0000000180025095e-35 0.43603090113176862 9.5000000000000018 180.45312500000003 7.5000000000000009 0.68650496475651146
decision_type=2 2 2 2 2 2
left_child=3 2 -2 4 -1 -5
right_child=1 -3 -4 5 -6 -7
leaf_value=-0.0097571050035179518 -0.02055540815171391 0.046994524876702845 0.045290363993884412 -0.015955990195634536 0.043116403322026819 0.01979485836619722
leaf_weight=5.2236974360421291 4.0604661758989122 17.983906170353293 1.5480969389900563 62.961714623961598 2.4647438186220825 3.3833968983963123
leaf_count=421 220 121 37 7764 125 282
internal_value=0.00167938 0.038107 0.00474718 -0.0106261 0.0125945 -0.0136069
internal_weight=97.626 23.5925 5.60856 74.0336 7.68844 66.3451
internal_count=8970 378 257 8592 546 8046
is_linear=0
shrinkage=0.03


Tree=27
num_leaves=7
num_cat=0
split_feature=28 16 29 1 16 1
split_gain=33.5066 14.2369 12.4234 7.32243 12.7288 6.16806
threshold=1.0000000180025095e-35 180.45312500000003 0.0073253968253968261 0.55747392517278527 191.54201388888893 0.68650496475651146
decision_type=2 2 2 2 2 2
left_child=1 2 -1 4 -2 -3
right_child=3 5 -4 -5 -6 -7
leaf_value=0.0748846239498836 0.052125457597108196 -0.01562064388944988 0.0023432227436092834 0.043236801601432062 -0.016002120563625915 0.018397847695876775
leaf_weight=1.1186222415417413 1.5836815964430595 61.505500497296453 7.0984360072761774 14.71861547231674 6.0633619204163551 3.5367457596585146
leaf_count=25 22 7706 529 77 285 291
internal_value=0.0014889 -0.00844116 0.0249442 0.0320381 0.00598838 -0.0132772
internal_weight=95.625 73.2593 8.21706 22.3657 7.64704 65.0422
internal_count=8935 8551 554 384 307 7997
is_linear=0
shrinkage=0.03


Tree=28
num_leaves=7
num_cat=0
split_feature=18 23 9 4 26 0
split_gain=35.2922 23.5508 20.6244 11.4682 7.93346 7.00206
threshold=12.500000000000002 0.44349962930048109 1.0000000180025095e-35 1.0000000180025095e-35 23.500000000000004 1165.5000000000002
decision_type=2 2 2 2 2 2
left_child=1 3 -2 -1 5 -5
right_child=2 -3 -4 4 -6 -7
leaf_value=-0.016053651201460014 -0.0074564538538490184 0.033708173180376631 0.1010823977006584 -0.0070211297375163484 -0.01721208038562275 0.030586544563171964
leaf_weight=53.929301106370986 1.938864440191536 11.899900116492061 2.919118887744844 5.7351849558763268 6.1103054434061042 11.336423708125947
leaf_count=6045 182 513 35 658 527 935
internal_value=0.00263429 -0.00236585 0.0682222 -0.00864428 0.00849857 0.0185409
internal_weight=93.8691 89.0111 4.85798 77.1112 23.1819 17.0716
internal_count=8895 8678 217 8165 2120 1593
is_linear=0
shrinkage=0.03


Tree=29
num_leaves=7
num_cat=0
split_feature=28 18 1 16 1 18
split_gain=50.1582 7.9629 7.37033 6.18623 18.6745 5.31484
threshold=1.0000000180025095e-35 13.500000000000002 0.74668944155615147 509.60902777777784 0.55747392517278527 2.5000000000000004
decision_type=2 2 2 2 2 2
left_child=1 2 -1 -2 -5 -4
right_child=3 -3 5 4 -6 -7
leaf_value=-0.013922711389011157 0.071336080873621657 0.034044751301807383 0.056681154411799897 -0.015187444680535036 0.043493158133899028 -0.0034390207148223316
leaf_weight=67.559191962704062 3.3748357882723239 1.6939022229053069 0.42012062482535784 5.6619573496282127 15.037216011434792 2.4564676349982619
leaf_count=8305 38 101 30 272 73 190
internal_value=0.00292465 -0.00972411 -0.0116876 0.0386614 0.027518 0.0249866
internal_weight=96.2037 72.1297 70.4358 24.074 20.6992 2.87659
internal_count=9009 8626 8525 383 345 220
is_linear=0
shrinkage=0.03


Tree=30
num_leaves=7
num_cat=0
split_feature=29 4 18 18 1 0
split_gain=51.448 13.4022 7.2208 6.76767 5.43807 5.24588
threshold=0.012099567099567101 1.0000000180025095e-35 13.500000000000002 16.500000000000004 0.62275871778360414 750.50000000000011
decision_type=2 2 2 2 2 2
left_child=3 2 4 -1 -2 -3
right_child=1 5 -4 -5 -6 -7
leaf_value=-0.014595913610555251 -0.0079510228193838909 -0.0081031400808388165 0.050397782942198127 0.034761145181708419 0.02367929746078171 0.056338465181115571
leaf_weight=59.10870499862358 11.008770809508865 0.72300874209031363 1.9032468227669586 0.7505060750991096 5.9328828537836662 13.808321994263677
leaf_count=7325 1005 68 16 28 78 361
internal_value=0.0037103 0.0324986 0.0134866 -0.0128732 0.00445643 0.0525397
internal_weight=93.2354 33.3762 18.8449 59.8592 16.9417 14.5313
internal_count=8881 1528 1099 7353 1083 429
is_linear=0
shrinkage=0.03


Tree=31
num_leaves=7
num_cat=0
split_feature=28 4 4 9 2 23
split_gain=39.3107 8.81963 5.89455 5.05058 5.20779 3.99993
threshold=1.0000000180025095e-35 1.0000000180025095e-35 1.5000000000000002 1.0000000180025095e-35 51.500000000000007 0.44349962930048109
decision_type=2 2 2 2 2 2
left_child=2 -2 3 5 -5 -1
right_child=1 -3 -4 4 -6 -7
leaf_value=-0.01615452367605269 0.011878188431416787 0.050941958502346361 0.020941934905920761 0.039143461646615182 -0.0041048015899325272 0.01405716897377233
leaf_weight=53.336034402251244 10.646458754315974 12.274076029658316 3.8540210621431461 1.4303569803014387 8.154216153547166 2.7489979374222449
leaf_count=7077 236 121 323 75 674 346
internal_value=0.00280998 0.0352066 -0.00855634 -0.0108553 0.00799296 -0.0142407
internal_weight=92.4442 22.9205 69.5236 65.6696 9.58457 56.085
internal_count=8852 357 8495 8172 749 7423
is_linear=0
shrinkage=0.03


Tree=32
num_leaves=7
num_cat=0
split_feature=28 16 29 26 4 0
split_gain=36.601 6.54655 8.16459 5.90817 4.68834 4.32816
threshold=1.0000000180025095e-35 168.50173611111111 0.0073253968253968261 1.5000000000000002 1.0000000180025095e-35 3654.5000000000005
decision_type=2 2 2 2 2 2
left_child=1 2 -1 -3 -4 -5
right_child=-2 3 4 5 -6 -7
leaf_value=0.054708341162311179 0.033057592250852898 0.014408633977454744 -0.017406029346270956 -0.019073367652573774 0.024007795807145769 0.00072682939974889481
leaf_weight=1.1434704149141897 24.032534755766392 5.3945306623354545 4.8549157618544996 43.590372198726982 1.8590988847427068 12.521531403530387
leaf_count=22 388 727 380 5734 130 1541
internal_value=0.00265646 -0.00850789 0.0147406 -0.0118486 -0.0030604 -0.014782
internal_weight=93.3965 69.3639 7.85749 61.5064 6.71401 56.1119
internal_count=8922 8534 532 8002 510 7275
is_linear=0
shrinkage=0.03


Tree=33
num_leaves=7
num_cat=0
split_feature=28 16 1 4 16 18
split_gain=39.3552 7.96844 15.6518 7.80815 5.62329 6.6488
threshold=1.0000000180025095e-35 509.60902777777784 0.55747392517278527 1.5000000000000002 168.50173611111111 7.5000000000000009
decision_type=2 2 2 2 2 2
left_child=3 -2 -3 4 5 -1
right_child=1 2 -4 -5 -6 -7
leaf_value=-0.0088920475001067652 0.069106683174845349 -0.015388257617335631 0.037452244255917581 0.025106890107798398 -0.01420273833635064 0.039659438051070646
leaf_weight=4.9382109260186544 3.4691339209675816 5.7612985689193037 15.753002092242239 3.9539397377520791 57.773089233785868 2.2415625764988363
leaf_count=403 34 268 77 328 7772 93
internal_value=0.00344641 0.0342214 0.0231968 -0.00836215 -0.0110887 0.0116041
internal_weight=93.8902 24.9834 21.5143 68.9068 64.9529 7.17977
internal_count=8975 379 345 8596 8268 496
is_linear=0
shrinkage=0.03


Tree=34
num_leaves=7
num_cat=0
split_feature=27 23 18 23 0 19
split_gain=25.4372 9.26826 7.04682 6.85143 4.7689 8.53945
threshold=1.0000000180025095e-35 0.31585135735138331 12.500000000000002 0.46805477958313024 4450.5000000000009 0.63721804511278213
decision_type=2 2 2 2 2 2
left_child=2 -2 3 4 -1 -6
right_child=1 -3 -4 -5 5 -7
leaf_value=-0.017636855484077108 -0.0072130458165056161 0.033038289840601726 0.027048466602814077 0.026250146753610721 0.028301441578027314 -0.01833114304336423
leaf_weight=50.130317998118699 5.8329201731830862 20.837512402329594 2.6432150774635366 2.2538777855224899 4.6670001093298179 5.5805871766060591
leaf_count=6551 261 388 188 266 567 729
internal_value=0.000698064 0.0243461 -0.00940072 -0.0117284 -0.0139423 0.00405997
internal_weight=91.9454 26.6704 65.275 62.6318 60.3779 10.2476
internal_count=8950 649 8301 8113 7847 1296
is_linear=0
shrinkage=0.03


Tree=35
num_leaves=7
num_cat=0
split_feature=29 4 2 9 0 17
split_gain=29.3781 15.0373 5.05669 8.5583 5.01583 4.86623
threshold=0.012690476190476193 1.0000000180025095e-35 73.500000000000014 1.0000000180025095e-35 4365.5000000000009 4.5000000000000009
decision_type=2 2 2 2 2 2
left_child=2 5 3 4 -1 -2
right_child=1 -3 -4 -5 -6 -7
leaf_value=-0.019364070105705389 -0.0018673122042564335 0.045157702817383252 -0.013277500785296405 0.045379272616186302 0.021726505001446288 0.0352354570290805
leaf_weight=6.3171549718826974 16.028816712088886 15.199965980835257 49.096507721114904 1.9262477750889964 2.048444140702486 1.9165354915894557
leaf_count=883 866 340 6395 114 257 41
internal_value=0.00325479 0.0250687 -0.00933987 0.00854834 -0.00705173 0.00523107
internal_weight=92.5337 33.1453 59.3884 10.2918 8.3656 17.9454
internal_count=8896 1247 7649 1254 1140 907
is_linear=0
shrinkage=0.03


Tree=36
num_leaves=7
num_cat=1
split_feature=27 23 14 23 16 1
split_gain=24.302 8.50906 8.27415 7.81951 6.96819 14.2071
threshold=1.0000000180025095e-35 0.12861209406441076 0 0.27790109595502788 215.90659722222225 0.55747392517278527
decision_type=2 2 1 2 2 2
left_child=1 2 -1 -2 -5 -6
right_child=3 -3 -4 4 5 -7
leaf_value=0.05793054401526046 -0.017064775744877067 -0.010742498945023311 -0.013199297018264418 0.065364044164932397 -0.013350220144637969 0.035440191820180586
leaf_weight=1.4032396972179404 2.2814801535569158 60.770156119950116 1.5328950639814138 2.7616919837892082 6.6244812062941518 14.776337914168833
leaf_count=151 126 7952 183 24 409 85
internal_value=0.0021032 -0.00797167 0.0304935 0.0252285 0.0302212 0.0204872
internal_weight=90.1503 63.7063 2.93613 26.444 24.1625 21.4008
internal_count=8930 8286 334 644 518 494
cat_boundaries=0 1
cat_threshold=1
is_linear=0
shrinkage=0.03


Tree=37
num_leaves=7
num_cat=0
split_feature=29 1 24 16 29 0
split_gain=23.4201 11.8317 10.2622 4.80975 5.92103 5.54001
threshold=0.012099567099567101 0.68650496475651146 0.67543859649122817 180.45312500000003 0.0073253968253968261 3654.5000000000005
decision_type=2 2 2 2 2 2
left_child=3 2 -2 4 -1 -5
right_child=1 -3 -4 5 -6 -7
leaf_value=0.045850130909767334 -0.00037958092101455354 0.046477598667765671 0.045083504080862202 -0.01760414521413468 -0.0063362666070118836 0.0052066138505811191
leaf_weight=1.1139018777757872 21.694014654960487 9.6509618167765421 3.617072958033531 38.414111347403377 4.1956197298131883 11.546151016373186
leaf_count=23 1341 94 104 5487 321 1493
internal_value=0.00269258 0.0212584 0.00894302 -0.00938384 0.0141618 -0.0123349
internal_weight=90.2318 34.962 25.3111 55.2698 5.30952 49.9603
internal_count=8863 1539 1445 7324 344 6980
is_linear=0
shrinkage=0.03


Tree=38
num_leaves=7
num_cat=0
split_feature=28 16 9 26 23 1
split_gain=27.4518 8.89775 11.5653 7.39003 7.05822 5.56657
threshold=1.0000000180025095e-35 168.50173611111111 1.0000000180025095e-35 1.5000000000000002 0.2830078567880514 0.74668944155615147
decision_type=2 2 2 2 2 2
left_child=1 2 -1 5 -2 -3
right_child=4 3 -4 -5 -6 -7
leaf_value=-0.014079100099373553 -0.015122943063088137 0.00091713444969243737 0.048075473044294 -0.012703748744052142 0.034590970560436474 0.057369073336127979
leaf_weight=3.5882018781267098 1.7358376588672424 4.749955345876514 4.0338172148913145 52.698849776294082 24.121274371631444 0.40037095081061114
leaf_count=434 56 674 88 7333 328 23
internal_value=0.0054376 -0.00503298 0.0219706 -0.00920619 0.0304074 0.0201246
internal_weight=91.3283 65.4712 7.62202 57.8492 25.8571 5.15033
internal_count=8936 8552 522 8030 384 697
is_linear=0
shrinkage=0.03


Tree=39
num_leaves=7
num_cat=0
split_feature=1 16 9 29 20 4
split_gain=27.0486 18.1783 19.3931 9.14555 9.07589 5.14086
threshold=0.54988772858683954 215.90659722222225 1.0000000180025095e-35 0.0098148148148148161 0.58571428571428574 1.0000000180025095e-35
decision_type=2 2 2 2 2 2
left_child=1 2 -1 -2 -4 -5
right_child=3 -3 4 5 -6 -7
leaf_value=-0.020977537962409684 -0.0084441898421084918 -0.016926906076025396 -0.0063484463760047505 0.012973097543914264 0.066349357406388115 0.047083614637197103
leaf_weight=4.2464457228779775 4.8624963951297131 56.243056930135936 1.5862478283233938 8.831951020285489 4.6884407931938767 10.56351408921182
leaf_count=500 542 7515 36 189 80 104
internal_value=-0.000234264 -0.0101201 0.0231586 0.0256726 0.0508789 0.0342156
internal_weight=91.0222 66.7642 10.5211 24.258 6.27469 19.3955
internal_count=8966 8131 616 835 116 293
is_linear=0
shrinkage=0.03


Tree=40
num_leaves=7
num_cat=0
split_feature=28 1 18 0 18 0
split_gain=27.4833 5.01977 13.7232 4.34951 6.29127 6.0465
threshold=1.0000000180025095e-35 0.61116766329846139 11.500000000000002 3513.5000000000005 12.500000000000002 4945.5000000000009
decision_type=2 2 2 2 2 2
left_child=3 2 -2 4 -1 -5
right_child=1 -3 -4 5 -6 -7
leaf_value=-0.01511874034930728 -0.0082072394831504865 0.040022174711164642 0.052517025824234731 0.027732321752689807 0.023411315540364658 -0.007917915117320656
leaf_weight=47.320327036548406 9.4339341046288627 12.508722215890883 2.8593694223090997 4.7330825468525282 2.3707068236544719 10.077615130692719
leaf_count=6502 296 58 26 622 147 1272
internal_value=0.00207863 0.0276856 0.0112891 -0.00830419 -0.0124458 0.00541884
internal_weight=89.3038 24.802 12.2933 64.5017 49.691 14.8107
internal_count=8923 380 322 8543 6649 1894
is_linear=0
shrinkage=0.03


Tree=41
num_leaves=7
num_cat=0
split_feature=29 18 4 26 3 1
split_gain=26.3054 8.64624 5.84548 5.50586 3.77367 3.60177
threshold=0.041322580645161297 15.500000000000002 1.0000000180025095e-35 1.5000000000000002 0.074600306614104259 0.59353386387730434
decision_type=2 2 2 2 2 2
left_child=1 3 5 -1 -5 -2
right_child=2 -3 -4 4 -6 -7
leaf_value=0.011661358374524939 -0.0091539247877021803 0.035457913417550703 0.042474249395850476 0.010938161881288589 -0.015802945474700795 0.022716753261692507
leaf_weight=7.2814659816212943 4.3435696684755403 1.9506106637418259 10.985997895710168 3.8076668991707256 53.679840181488544 4.9793205438181758
leaf_count=886 140 50 91 504 7212 24
internal_value=0.00094334 -0.00826643 0.0292282 -0.0106059 -0.0137236 0.00887397
internal_weight=87.0285 66.7196 20.3089 64.769 57.4875 9.32289
internal_count=8907 8652 255 8602 7716 164
is_linear=0
shrinkage=0.03


Tree=42
num_leaves=7
num_cat=0
split_feature=28 16 6 26 2 4
split_gain=26.3024 7.84079 10.9457 6.68351 5.74568 4.87104
threshold=1.0000000180025095e-35 180.45312500000003 1.0000000180025095e-35 1.5000000000000002 294.50000000000006 1.0000000180025095e-35
decision_type=2 2 2 2 2 2
left_child=1 2 4 -3 -1 -2
right_child=5 3 -4 -5 -6 -7
leaf_value=0.052108127828689538 0.010399908710377019 0.015819320992564043 -0.018945526533728947 -0.015839218713392604 -0.010247928152673239 0.038298706585002562
leaf_weight=3.7277266196906567 12.142691082321109 5.1668984065763643 3.3444879311136884 50.036588958930224 0.98291810415685166 13.253877809271215
leaf_count=85 244 702 427 7279 39 130
internal_value=0.00206366 -0.00833921 0.0165725 -0.0124266 0.0399205 0.0266926
internal_weight=88.6552 63.2586 8.05513 55.2035 4.71064 25.3966
internal_count=8906 8532 551 7981 124 374
is_linear=0
shrinkage=0.03


Tree=43
num_leaves=7
num_cat=0
split_feature=29 0 16 16 18 25
split_gain=22.4308 6.82962 6.34872 8.40205 5.86285 5.52131
threshold=0.012099567099567101 726.50000000000011 180.45312500000003 130.64444444444447 7.5000000000000009 0.21825396825396828
decision_type=2 2 2 2 2 2
left_child=2 -2 3 -1 -5 -3
right_child=1 5 -4 4 -6 -7
leaf_value=-0.013373764785010041 -0.017247182368086117 0.0026408556080080689 -0.013608471627292807 -0.0090034563650337063 0.06252870014877919 0.031035479965166424
leaf_weight=3.2158225136809042 2.5852973326109341 8.599574819672851 46.773815730586648 0.82850342383608255 1.508325101342052 23.982297941111028
leaf_count=223 260 704 7068 78 43 575
internal_value=0.00241016 0.0203212 -0.00993231 0.0164379 0.0447112 0.0241272
internal_weight=87.4936 35.1672 52.3265 5.55265 2.33683 32.5819
internal_count=8951 1539 7412 344 121 1279
is_linear=0
shrinkage=0.03


Tree=44
num_leaves=7
num_cat=1
split_feature=18 1 9 1 23 14
split_gain=20.4207 23.1969 13.0138 5.87332 5.00332 4.44639
threshold=12.500000000000002 0.59353386387730434 1.0000000180025095e-35 0.89996769789158659 0.12861209406441076 0
decision_type=2 2 2 2 2 1
left_child=1 4 -2 -3 5 -1
right_child=2 3 -4 -5 -6 -7
leaf_value=0.039648731564580181 -0.0094725479968541856 0.03199751338174061 0.067608151031378058 -0.016130625204472608 -0.012730600702311039 -0.012237555321562954
leaf_weight=1.432117764838039 2.1877374374307683 15.837548416573556 4.5495206397026777 1.3860644055530418 59.696135700680315 1.345402367413044
leaf_count=145 184 542 33 69 7718 167
internal_value=0.00258927 -0.00213167 0.0461395 0.0268492 -0.0107065 0.019914
internal_weight=86.4345 79.6973 6.73726 17.2236 62.4737 2.77752
internal_count=8858 8641 217 611 8030 312
cat_boundaries=0 1
cat_threshold=1
is_linear=0
shrinkage=0.03


Tree=45
num_leaves=7
num_cat=0
split_feature=29 22 29 1 24 2
split_gain=18.0996 8.83368 6.71279 6.55317 4.43189 4.19928
threshold=0.041322580645161297 0.76388888888888895 0.0067543859649122819 0.74668944155615147 0.14835164835164838 328.50000000000006
decision_type=2 2 2 2 2 2
left_child=1 3 -3 5 -5 -1
right_child=-2 2 -4 4 -6 -7
leaf_value=-0.0050103142858529803 0.026829741149435725 -0.0097076699725342167 0.043302983616063724 0.049456186547406127 -0.0057657809296262708 -0.024035884326747581
leaf_weight=44.043160753324628 22.131717603188008 2.4092441606335333 3.9207597286440432 1.0132478377781802 1.6586060710251329 12.385694104246793
leaf_count=6164 261 344 178 76 131 1805
internal_value=0.00460568 -0.00348434 0.0256402 -0.00734091 0.0273829 -0.00986608
internal_weight=87.5624 65.4307 6.33 59.1007 2.67185 56.4289
internal_count=8959 8698 522 8176 207 7969
is_linear=0
shrinkage=0.03


Tree=46
num_leaves=7
num_cat=0
split_feature=29 4 6 18 18 18
split_gain=25.2956 8.40808 6.91343 4.17195 3.91375 3.69222
threshold=0.012099567099567101 1.0000000180025095e-35 1.0000000180025095e-35 4.5000000000000009 7.5000000000000009 12.500000000000002
decision_type=2 2 2 2 2 2
left_child=5 2 4 -4 -2 -1
right_child=1 -3 3 -5 -6 -7
leaf_value=-0.014742130978831655 -0.00073309076389498963 0.033917825697510159 0.0096970588910411746 -0.019288336889235855 0.045119679516281465 0.01485927497334865
leaf_weight=48.244858355727047 2.4939851341769108 16.456169976387173 6.6326472666114569 7.6326314648613334 2.739457911811769 2.5242784740403286
leaf_count=7243 119 427 641 286 35 184
internal_value=0.000687148 0.0193507 0.00504505 -0.00627632 0.0291076 -0.0127629
internal_weight=86.724 35.9549 19.4987 14.2653 5.23344 50.7691
internal_count=8935 1508 1081 927 154 7427
is_linear=0
shrinkage=0.03


Tree=47
num_leaves=7
num_cat=0
split_feature=29 16 9 0 0 1
split_gain=17.1561 9.47721 9.03163 7.12897 9.04979 3.62382
threshold=0.041322580645161297 180.45312500000003 1.0000000180025095e-35 4365.5000000000009 4945.5000000000009 0.59353386387730434
decision_type=2 2 2 2 2 2
left_child=1 2 -1 -3 -5 -2
right_child=5 3 -4 4 -6 -7
leaf_value=-0.013533711892277072 0.0085794203343636018 -0.014653421265687874 0.038989472869464886 0.050396134847914185 -0.0040915105412220017 0.033697116962371029
leaf_weight=3.4094457356259209 10.419002054259183 44.077224263455719 5.9099958501756191 1.7254081866703916 9.4418798345141095 13.550950084812937
leaf_count=447 214 6703 105 221 1219 61
internal_value=0.00366171 -0.00449283 0.0207781 -0.0093329 0.0107032 0.0242808
internal_weight=88.5339 64.564 9.31944 55.2445 11.1673 23.97
internal_count=8970 8695 552 8143 1440 275
is_linear=0
shrinkage=0.03


Tree=48
num_leaves=7
num_cat=0
split_feature=4 29 6 2 0 16
split_gain=14.2691 9.99635 7.50048 8.94397 6.54615 4.95752
threshold=1.0000000180025095e-35 0.0071246246246246259 1.0000000180025095e-35 222.50000000000003 710.50000000000011 675.45243055555568
decision_type=2 2 2 2 2 2
left_child=2 -2 3 5 -3 -1
right_child=1 4 -4 -5 -6 -7
leaf_value=0.04354009759873273 -0.010457186150057933 -0.014733362637198651 -0.012817950014344345 -0.014301447138683804 0.032148483001557822 -0.00053578510760619446
leaf_weight=4.8439180520363134 7.0985978809185353 1.8677407200448239 40.793146191630512 5.863711178302764 21.385073788464069 3.3843336775898933
leaf_count=156 953 237 5431 529 1159 356
internal_value=0.00267986 0.0185359 -0.00643196 0.0113496 0.0275142 0.0288515
internal_weight=85.2365 30.3514 54.8851 14.092 23.2528 8.22825
internal_count=8821 2349 6472 1041 1396 512
is_linear=0
shrinkage=0.03


Tree=49
num_leaves=7
num_cat=0
split_feature=1 16 9 19 0 23
split_gain=17.8384 16.7705 14.0235 4.82385 7.99218 5.34734
threshold=0.59353386387730434 215.90659722222225 1.0000000180025095e-35 0.47076923076923083 2540.5000000000005 0.42965626858573597
decision_type=2 2 2 2 2 2
left_child=1 2 -1 4 -3 -5
right_child=-2 3 -4 5 -6 -7
leaf_value=-0.015571314734816606 0.026541153825923515 -0.012192805076612237 0.045355475778186972 -0.021035395578383152 0.025908449628397674 0.01197294070860999
leaf_weight=3.964396470692007 20.320154267828912 11.991460895631464 7.7924384553916752 33.515419161878526 5.6778231882490209 3.7365100919269016
leaf_count=495 626 1706 120 4896 653 340
internal_value=0.00329891 -0.00435081 0.025534 -0.0114206 0.00144008 -0.0172832
internal_weight=86.9982 66.678 11.7568 54.9212 17.6693 37.2519
internal_count=8836 8210 615 7595 2359 5236
is_linear=0
shrinkage=0.03


Tree=50
num_leaves=7
num_cat=0
split_feature=29 24 1 18 17 19
split_gain=15.394 6.43744 9.80194 4.19557 3.31301 5.04282
threshold=0.012099567099567101 0.75735294117647067 0.61116766329846139 12.500000000000002 3.5000000000000004 0.45299145299145299
decision_type=2 2 2 2 2 2
left_child=3 2 4 -1 5 -2
right_child=1 -3 -4 -5 -6 -7
leaf_value=-0.0094842051941206457 0.010014941792296677 0.046117955368090435 0.029602301708604242 0.021044009680938381 0.016786796974129554 -0.021069861627886294
leaf_weight=47.044527565594763 6.4980819690972593 4.3289588177576652 13.433780358638613 2.5427622287534168 4.3349690586328498 9.2016771994531137
leaf_count=7263 467 85 129 181 141 753
internal_value=0.00374379 0.0176943 0.0116247 -0.00716359 -0.00202254 -0.0085261
internal_weight=87.3848 37.7975 33.4685 49.5873 20.0347 15.6998
internal_count=9019 1575 1490 7444 1361 1220
is_linear=0
shrinkage=0.03


Tree=51
num_leaves=7
num_cat=0
split_feature=29 1 18 2 24 0
split_gain=16.1905 7.33219 10.7079 4.67757 3.40379 2.61088
threshold=0.012099567099567101 0.59353386387730434 16.500000000000004 32.500000000000007 0.83974358974358987 9450.5000000000018
decision_type=2 2 2 2 2 2
left_child=3 2 4 -1 5 -2
right_child=1 -3 -4 -5 -6 -7
leaf_value=0.016862190849095588 -0.011299831410671035 0.030455266340813712 0.05327349647086746 -0.012619167481552986 0.025449390653679852 0.019021853451131648
leaf_weight=3.663722838740795 18.190958227962266 15.291187839116899 1.4008902460336674 45.281661735381931 1.1852138927206386 1.0923545639961947
leaf_count=487 1343 149 8 6897 49 42
internal_value=0.00134341 0.0158198 0.0038923 -0.00983705 -0.00392862 -0.0079561
internal_weight=86.106 37.1606 21.8694 48.9454 20.4685 19.2833
internal_count=8975 1591 1442 7384 1434 1385
is_linear=0
shrinkage=0.03


Tree=52
num_leaves=7
num_cat=0
split_feature=1 18 23 0 9 29
split_gain=13.9693 14.1112 6.32319 6.08901 5.15915 4.3487
threshold=0.54988772858683954 12.500000000000002 0.12861209406441076 832.50000000000011 1.0000000180025095e-35 0.0098148148148148161
decision_type=2 2 2 2 2 2
left_child=1 2 -1 -3 -5 -2
right_child=5 3 -4 4 -6 -7
leaf_value=0.025991867085069783 -0.002257804244940331 -0.012070131884698888 -0.0103173701728595 -0.0028005291229444601 0.060573951807462535 0.029622073511397128
leaf_weight=2.7851003576070061 4.4041594960726824 1.1185877034440626 53.137505194637924 1.2616050937213001 3.2853134302422404 18.599243583157659
leaf_count=298 526 52 7544 127 22 294
internal_value=0.00490359 -0.00269113 -0.00767404 0.0356632 0.047506 0.0238261
internal_weight=84.5915 61.5881 55.9226 5.66551 4.54692 23.0034
internal_count=8863 8043 7842 201 149 820
is_linear=0
shrinkage=0.03


Tree=53
num_leaves=7
num_cat=0
split_feature=4 29 18 25 24 19
split_gain=13.6778 8.87074 8.41629 6.89825 5.01228 3.95819
threshold=1.0000000180025095e-35 0.0071246246246246259 13.500000000000002 0.21825396825396828 0.86607142857142871 1.5603864734299517
decision_type=2 2 2 2 2 2
left_child=2 -2 4 -3 -1 -5
right_child=1 3 -4 5 -6 -7
leaf_value=-0.012641317552038952 -0.010026241607050396 -0.00270062025963656 0.027076974767264759 0.037943816316800993 0.022295142278773071 -0.0068215501326078128
leaf_weight=48.58463836228475 6.9036332108080414 5.5326449559070197 4.1018210211768737 16.640582565683875 2.1847601071931413 1.3518636957742263
leaf_count=6311 973 611 93 651 159 137
internal_value=0.00222084 0.0177256 -0.00669825 0.026017 -0.0103499 0.0342344
internal_weight=85.2999 30.4287 54.8712 23.5251 50.7694 17.9924
internal_count=8935 2372 6563 1399 6470 788
is_linear=0
shrinkage=0.03


Tree=54
num_leaves=7
num_cat=1
split_feature=4 18 25 1 14 23
split_gain=15.0589 10.8529 6.38328 5.55103 4.50975 3.1665
threshold=1.5000000000000002 12.500000000000002 0.26969696969696971 0.54988772858683954 0 0.12861209406441076
decision_type=2 2 2 2 1 2
left_child=1 3 -3 5 -5 -1
right_child=-2 2 -4 4 -6 -7
leaf_value=0.012768399031523584 0.034758141755384712 -0.013736957884878267 0.042607782285699725 -0.014088379515462924 0.015685725453881305 -0.013758538867550317
leaf_weight=2.862010921817272 8.6497903084382397 1.3838604921475042 4.7498101899400353 4.8260144907981157 12.861169260460885 48.51473095593974
leaf_count=312 368 88 111 340 419 7309
internal_value=0.00134296 -0.00330163 0.0296435 -0.00697946 0.00695583 -0.0118578
internal_weight=83.8474 75.1976 6.13367 69.0639 17.6872 51.3767
internal_count=8947 8579 199 8380 759 7621
cat_boundaries=0 1
cat_threshold=1
is_linear=0
shrinkage=0.03


Tree=55
num_leaves=7
num_cat=0
split_feature=1 18 1 22 3 1
split_gain=18.2518 13.4026 5.65471 5.26955 7.93138 3.09826
threshold=0.61116766329846139 16.500000000000004 0.89996769789158659 0.61250000000000016 0.099238939991239603 0.68650496475651146
decision_type=2 2 2 2 2 2
left_child=1 3 5 -1 -5 -2
right_child=2 -3 -4 4 -6 -7
leaf_value=-0.013152507645165391 0.010502666379755134 0.044308834614003118 -0.016451598785836366 0.048520594360749944 -0.0055086721448553309 0.040302224919300973
leaf_weight=53.833969354629517 6.6932305819355014 2.4615650791674843 1.3251695525832463 1.3694755705073456 7.7230735868215561 10.230981963220982
leaf_count=7767 205 32 64 61 565 277
internal_value=0.00120031 -0.00633261 0.0261506 -0.00961747 0.00991005 0.0308725
internal_weight=83.6375 65.3881 18.2494 62.9265 9.09255 16.9242
internal_count=8971 8425 546 8393 626 482
is_linear=0
shrinkage=0.03


Tree=56
num_leaves=7
num_cat=0
split_feature=18 1 9 1 23 29
split_gain=12.569 13.5612 7.61395 6.4882 4.9641 4.59349
threshold=12.500000000000002 0.68650496475651146 1.0000000180025095e-35 0.89996769789158659 0.46805477958313024 0.012099567099567101
decision_type=2 2 2 2 2 2
left_child=1 4 -2 5 -1 -3
right_child=2 3 -4 -5 -6 -7
leaf_value=-0.011265701159507329 -0.0091960460853084611 -0.0063188338659433225 0.047983566216075288 -0.017519833303303575 0.014709701213559573 0.039792414734567405
leaf_weight=59.238758612424135 2.1343308244831851 1.7740374444983888 5.4398704506456852 1.5827830210328091 5.6939907767809919 8.5532221505418402
leaf_count=8076 182 179 34 73 320 75
internal_value=0.0008745 -0.00308716 0.0333158 0.0239626 -0.00861643 0.0321313
internal_weight=84.417 76.8428 7.5742 11.91 64.9327 10.3273
internal_count=8939 8723 216 327 8396 254
is_linear=0
shrinkage=0.03


Tree=57
num_leaves=7
num_cat=0
split_feature=1 16 9 0 1 0
split_gain=13.3529 11.8013 9.60131 4.38257 3.89915 3.50696
threshold=0.54988772858683954 215.90659722222225 1.0000000180025095e-35 951.50000000000011 0.89996769789158659 3654.5000000000005
decision_type=2 2 2 2 2 2
left_child=1 2 -1 -4 -2 -3
right_child=4 5 3 -5 -6 -7
leaf_value=-0.014339375493322596 0.024442963819046121 -0.014928702981830041 -0.001357129626128167 0.047722162300146226 -0.01268627223442719 0.0041316925767658679
leaf_weight=3.5510391616262478 23.192044433206323 37.07326744729653 1.9474047962576149 5.6248772367835045 1.6082704346626986 10.215424302965401
leaf_count=482 767 6058 37 74 69 1466
internal_value=0.0037092 -0.00420318 0.0212538 0.0374538 0.0212681 -0.0108107
internal_weight=83.2123 58.412 11.1233 7.57228 24.8003 47.2887
internal_count=8953 8117 593 111 836 7524
is_linear=0
shrinkage=0.03


Tree=58
num_leaves=7
num_cat=0
split_feature=4 18 26 16 0 9
split_gain=10.9503 7.28987 4.81997 7.53321 4.96837 4.64304
threshold=1.0000000180025095e-35 12.500000000000002 23.500000000000004 205.43298611111115 655.50000000000011 1.0000000180025095e-35
decision_type=2 2 2 2 2 2
left_child=1 -1 4 -4 -2 -3
right_child=2 5 3 -5 -6 -7
leaf_value=-0.011194793720659589 -0.014691873385998025 -0.013138588535568704 0.035321343303459353 -0.020303891639051656 0.025402222726234866 0.034903155686937332
leaf_weight=48.816674813162535 1.8620640807785154 1.4070911519229401 1.0663272738456715 5.9012177363038063 20.390256183221936 3.6521370243281126
leaf_count=6395 267 131 7 559 1519 23
internal_value=0.000511582 -0.00745168 0.0147311 -0.00581192 0.0211123 0.0216048
internal_weight=83.0958 53.8759 29.2199 6.96755 22.2523 5.05923
internal_count=8901 6549 2352 566 1786 154
is_linear=0
shrinkage=0.03


Tree=59
num_leaves=7
num_cat=0
split_feature=4 18 17 9 1 1
split_gain=10.4679 7.40459 6.7966 4.34873 4.0294 4.48226
threshold=1.5000000000000002 12.500000000000002 1.5000000000000002 1.0000000180025095e-35 0.68650496475651146 0.21912576589522173
decision_type=2 2 2 2 2 2
left_child=1 2 4 -3 5 -1
right_child=-2 3 -4 -5 -6 -7
leaf_value=0.018051773297945956 0.029637657443908703 -0.0083446080942528103 -0.013347440049070838 0.035778002665938113 0.030740488135729528 -0.0083159421877827197
leaf_weight=6.6815714258700671 8.0505425254814309 1.9784947135485698 41.667898157145828 4.5265456903725863 2.8314271112903944 15.499553324654697
leaf_count=1013 356 175 5247 28 114 1960
internal_value=0.00090154 -0.00296379 -0.00616102 0.0235517 0.00591254 0.00046286
internal_weight=81.236 73.1855 66.6805 6.50504 25.0126 22.1811
internal_count=8893 8537 8334 203 3087 2973
is_linear=0
shrinkage=0.03


Tree=60
num_leaves=7
num_cat=0
split_feature=4 29 18 0 27 23
split_gain=10.418 10.6404 6.54252 5.25911 4.99699 4.95163
threshold=1.0000000180025095e-35 0.0071246246246246259 12.500000000000002 710.50000000000011 8.5000000000000018 0.46805477958313024
decision_type=2 2 2 2 2 2
left_child=2 -2 5 -3 -5 -1
right_child=1 3 -4 4 -6 -7
leaf_value=-0.014459509668913522 -0.015793458775331403 -0.01404632589654636 0.020949312932120122 0.032547935324300732 -0.015877277500651401 0.013717213772360726
leaf_weight=41.385732598602772 6.345741871744397 1.7087471294216836 4.6582000837661317 18.498465037904683 0.9401264600455751 4.840938998386263
leaf_count=6164 949 240 156 1147 9 235
internal_value=0.000529822 0.0148034 -0.00745039 0.0245561 0.0289432 -0.0110623
internal_weight=78.378 27.4931 50.8849 21.1473 19.4386 46.2267
internal_count=8900 2345 6555 1396 1156 6399
is_linear=0
shrinkage=0.03


Tree=61
num_leaves=7
num_cat=0
split_feature=18 1 1 0 0 8
split_gain=11.8032 11.5153 4.52728 4.12537 13.4803 5.94051
threshold=16.500000000000004 0.61116766329846139 0.89996769789158659 655.50000000000011 758.50000000000011 1.0000000180025095e-35
decision_type=2 2 2 2 2 2
left_child=1 3 -3 -1 5 -5
right_child=-2 2 -4 4 -6 -7
leaf_value=-0.024471618422733661 0.043103676388814925 0.024255353255125921 -0.016583138986958401 0.0613217742364685 -0.0076694351598561123 -0.009072827177512165
leaf_weight=8.1076354584656638 3.9646902321837834 15.974107536021622 1.4015200827270735 1.9345308030024164 50.21486063208431 0.85522418562322844
leaf_count=1327 39 490 70 329 6588 143
internal_value=0.00241815 -0.000657003 0.0195896 -0.00685194 -0.00336501 0.0449642
internal_weight=82.4526 78.4879 17.3756 61.1123 53.0046 2.78975
internal_count=8986 8947 560 8387 7060 472
is_linear=0
shrinkage=0.03


Tree=62
num_leaves=7
num_cat=1
split_feature=16 9 1 14 26 24
split_gain=10.7928 16.6974 13.6056 5.68185 3.51397 3.64237
threshold=205.43298611111115 1.0000000180025095e-35 0.54988772858683954 0 20.500000000000004 0.70294117647058829
decision_type=2 2 2 1 2 2
left_child=1 -1 -2 -4 -5 -6
right_child=2 -3 3 4 5 -7
leaf_value=-0.020373743367993902 -0.011616593007743668 0.043392406414415698 -0.0091672886032687553 0.031689067209513859 -0.011153327032248209 0.025936408592944504
leaf_weight=3.941215286497024 46.128966220188886 9.9606710188090801 5.2946169809438288 11.650823006406432 4.4241244029253712 1.8210437055677173
leaf_count=505 7550 123 334 293 119 34
internal_value=0.00272263 0.0250258 -0.00232658 0.0156076 0.023122 0.00332968
internal_weight=83.2215 13.9019 69.3196 23.1906 17.896 6.24517
internal_count=8958 628 8330 780 446 153
cat_boundaries=0 1
cat_threshold=1
is_linear=0
shrinkage=0.03


Tree=63
num_leaves=7
num_cat=0
split_feature=1 16 26 1 24 4
split_gain=10.4541 9.9885 6.74463 3.92883 3.81811 3.57035
threshold=0.59353386387730434 180.45312500000003 15.500000000000002 0.89996769789158659 0.86607142857142871 1.0000000180025095e-35
decision_type=2 2 2 2 2 2
left_child=1 2 4 -2 -1 -3
right_child=3 5 -4 -5 -6 -7
leaf_value=-0.014098902819821917 0.023045235035484283 -0.017084887240083644 0.041086038832803047 -0.013586677667288461 0.025337029755925406 -0.00039700695901122708
leaf_weight=5.1811913335695845 16.764485605061058 33.198453299701214 4.0660048583522439 1.7231438187882293 1.2039993288926778 17.309846832882613
leaf_count=435 546 5665 36 70 50 2067
internal_value=2.43114e-05 -0.00603351 0.0184047 0.0186379 -0.00239316 -0.0115987
internal_weight=79.4471 60.9595 10.4512 18.4876 6.38519 50.5083
internal_count=8869 8253 521 616 485 7732
is_linear=0
shrinkage=0.03


Tree=64
num_leaves=7
num_cat=0
split_feature=0 2 0 25 2 18
split_gain=8.58646 7.88135 9.32628 9.38948 6.99571 6.22463
threshold=655.50000000000011 326.50000000000006 784.50000000000011 0.26969696969696971 95.500000000000014 12.500000000000002
decision_type=2 2 2 2 2 2
left_child=-1 2 4 -4 -2 -5
right_child=1 -3 3 5 -6 -7
leaf_value=-0.024549383353120187 -0.0093027084686224098 -0.014191067683524145 -0.0085091179511089608 0.0088847189647298687 0.067364261979847725 0.041891696028017747
leaf_weight=8.0823950832709652 0.86999266501516048 13.648882656823842 22.365677484311163 28.159752580802888 1.9901080876588819 4.8440244020894161
leaf_count=1364 133 1709 2785 2538 295 76
internal_value=0.00146215 0.00497244 0.0097864 0.00605441 0.0498121 0.015846
internal_weight=79.9608 71.8784 58.2296 55.3695 2.8601 33.0038
internal_count=8900 7536 5827 5399 428 2614
is_linear=0
shrinkage=0.03


Tree=65
num_leaves=7
num_cat=0
split_feature=0 0 24 29 2 25
split_gain=8.43404 6.81945 6.79252 6.9588 4.70565 4.65937
threshold=655.50000000000011 784.50000000000011 0.75735294117647067 0.0071246246246246259 318.50000000000006 0.11805555555555557
decision_type=2 2 2 2 2 2
left_child=-1 4 5 -4 -2 -3
right_child=1 2 3 -5 -6 -7
leaf_value=-0.024417763336858678 0.048608524034920109 -0.016131556934817975 -0.014180437149546454 0.040503918188651414 -0.0095127355336872346 0.0031446274261715092
leaf_weight=7.8728681346401563 2.929204454645514 12.489797609159721 1.7711742310784746 5.2752692960202694 0.91771388542838384 49.176357661141083
leaf_count=1347 408 1796 295 129 161 4820
internal_value=0.00168817 0.00509973 0.0023813 0.0266624 0.0362321 -0.00114366
internal_weight=80.4324 72.5595 68.7126 7.04644 3.84692 61.6662
internal_count=8956 7609 7040 424 569 6616
is_linear=0
shrinkage=0.03


Tree=66
num_leaves=7
num_cat=0
split_feature=4 0 2 18 23 19
split_gain=10.0755 4.46062 4.50358 4.02568 4.32403 3.9195
threshold=1.0000000180025095e-35 655.50000000000011 328.50000000000006 16.500000000000004 0.46805477958313024 0.30789473684210533
decision_type=2 2 2 2 2 2
left_child=3 -2 -3 4 5 -1
right_child=1 2 -4 -5 -6 -7
leaf_value=0.0066456098121519275 -0.015765074305096168 0.025043224262200691 -0.0044572404404622486 0.024848266580790871 0.015462650348975156 -0.015036387056634503
leaf_weight=8.1553068084176612 2.1545430796686587 21.408034959342334 5.1341092749498776 1.713196194730698 4.6299655600450924 35.344772939570248
leaf_count=1146 342 1551 456 19 230 5166
internal_value=0.00235484 0.0159274 0.0194244 -0.00577238 -0.00781019 -0.0108581
internal_weight=78.5399 28.6967 26.5421 49.8432 48.13 43.5001
internal_count=8910 2349 2007 6561 6542 6312
is_linear=0
shrinkage=0.03


Tree=67
num_leaves=7
num_cat=2
split_feature=1 18 1 23 14 14
split_gain=11.4762 9.50726 3.5842 3.22999 4.14143 3.65737
threshold=0.59353386387730434 12.500000000000002 0.89996769789158659 0.12861209406441076 0 1
decision_type=2 2 2 2 1 1
left_child=1 3 -2 5 -5 -1
right_child=2 -3 -4 4 -6 -7
leaf_value=0.034510565379148227 0.023589634842860776 0.025379000340012878 -0.01264377894508696 -0.00084974371828235994 -0.018152393486140724 -0.012340006465268807
leaf_weight=1.2410094849765292 17.683873867616061 5.8812968186102799 1.5409460831433524 20.07518276385963 31.680409547640011 1.3558053756132722
leaf_count=133 571 193 63 2696 5112 174
internal_value=0.000735147 -0.00577951 0.0197676 -0.00993214 -0.0117223 0.0153233
internal_weight=79.4585 60.2337 19.2248 54.3524 51.7556 2.59681
internal_count=8942 8308 634 8115 7808 307
cat_boundaries=0 1 2
cat_threshold=2 1
is_linear=0
shrinkage=0.03


Tree=68
num_leaves=7
num_cat=0
split_feature=1 16 6 26 29 0
split_gain=12.9183 13.4431 7.5693 4.10059 3.88427 2.87837
threshold=0.59353386387730434 215.90659722222225 1.0000000180025095e-35 15.500000000000002 0.012099567099567101 3806.5000000000005
decision_type=2 2 2 2 2 2
left_child=1 2 3 -1 -2 -3
right_child=4 5 -4 -5 -6 -7
leaf_value=0.0056510481357364729 -0.0033162836604631223 -0.017726665712400599 -0.014065009279229166 0.045397755046704159 0.026328707859075789 -0.00028935687687802673
leaf_weight=4.4805093309842032 4.6013408834114697 37.222044754540548 3.4188049363438031 4.9880887684412301 15.657886265311388 10.969798411242662
leaf_count=134 478 6240 467 30 146 1437
internal_value=0.000259641 -0.00668016 0.01865 0.0308551 0.0199026 -0.0139271
internal_weight=81.3385 61.0792 12.8874 9.4686 20.2592 48.1918
internal_count=8932 8308 631 164 624 7677
is_linear=0
shrinkage=0.03


Tree=69
num_leaves=7
num_cat=1
split_feature=28 0 1 1 19 14
split_gain=9.3067 5.61633 4.66943 6.3949 6.30759 5.3248
threshold=1.5000000000000002 655.50000000000011 0.22409314803089825 0.59353386387730434 0.8675958188153311 0
decision_type=2 2 2 2 2 1
left_child=1 -1 4 -4 5 -3
right_child=-2 2 3 -5 -6 -7
leaf_value=-0.023387914137849623 0.024244526191496685 -0.012218275429407038 -0.0092673202612743207 0.014688690711751995 -0.0089048186403617585 0.038061150314199065
leaf_weight=6.8023635954596093 14.36467543337494 1.3571786244865507 33.162339727627113 12.072099285665898 4.8378424467518917 7.4136811783537251
leaf_count=1321 122 233 5023 572 705 895
internal_value=0.00400087 -0.00101473 0.00225542 -0.00252273 0.0164259 0.0294569
internal_weight=80.0102 65.6455 58.8431 45.2344 13.6087 8.77086
internal_count=8871 8749 7428 5595 1833 1128
cat_boundaries=0 1
cat_threshold=4
is_linear=0
shrinkage=0.03


Tree=70
num_leaves=7
num_cat=0
split_feature=0 16 9 1 0 18
split_gain=8.58311 6.53645 10.5968 9.35249 6.99137 3.82381
threshold=655.50000000000011 205.43298611111115 1.0000000180025095e-35 0.59353386387730434 784.50000000000011 7.5000000000000009
decision_type=2 2 2 2 2 2
left_child=-1 2 -2 4 5 -3
right_child=1 3 -4 -5 -6 -7
leaf_value=-0.024017888790114364 -0.014329992792900472 0.040790267852629396 0.039386459683563517 0.019088375215830858 -0.0097816104635989644 -0.010005564650272908
leaf_weight=7.2268458709586403 3.4799548631999615 2.2304445609915997 9.1707201665267348 18.004176268354058 37.90597360371612 0.9906676614191382
leaf_count=1309 443 377 102 575 5925 176
internal_value=0.00338208 0.00671692 0.024671 0.0021943 -0.00574365 0.0273194
internal_weight=79.0088 71.7819 12.6507 59.1313 41.1271 3.22111
internal_count=8907 7598 545 7053 6478 553
is_linear=0
shrinkage=0.03


Tree=71
num_leaves=7
num_cat=0
split_feature=0 4 18 17 1 29
split_gain=8.96437 7.34887 7.24037 3.67636 7.96306 4.99557
threshold=655.50000000000011 1.5000000000000002 16.500000000000004 1.5000000000000002 0.21912576589522173 0.075178885630498543
decision_type=2 2 2 2 2 2
left_child=-1 2 3 4 -2 -5
right_child=1 -3 -4 5 -6 -7
leaf_value=-0.023999081641176784 0.037852972798134446 0.031441111440262764 0.036070253337620359 -0.010447515253991353 -0.00068825378098567912 0.014420637092994581
leaf_weight=7.2313741627149275 4.5932809622027007 7.955720131751149 3.6424338724464169 30.600478028180078 17.729865196160972 7.4889267385005942
leaf_count=1354 650 318 32 4472 2069 70
internal_value=0.00402792 0.00741489 0.00356919 0.000516539 0.00970253 -0.00508258
internal_weight=79.2421 72.0107 64.055 60.4126 22.3231 38.0894
internal_count=8965 7611 7293 7261 2719 4542
is_linear=0
shrinkage=0.03


Tree=72
num_leaves=7
num_cat=0
split_feature=0 18 0 29 2 2
split_gain=6.47185 5.79254 6.27014 4.94075 3.818 4.6694
threshold=655.50000000000011 12.500000000000002 784.50000000000011 0.012099567099567101 318.50000000000006 95.500000000000014
decision_type=2 2 2 2 2 2
left_child=-1 2 4 -4 5 -2
right_child=1 -3 3 -5 -6 -7
leaf_value=-0.023486478179067152 -0.0084818224656672062 0.026694970472015644 -0.0097400543490086307 0.0069030165019639206 -0.0096092131116448029 0.054418126701211079
leaf_weight=6.780618521384894 0.77806333638727654 6.7397935283370307 32.994799096137285 27.770625718869269 0.93097755080088962 2.2372223441489041
leaf_count=1346 127 173 5642 1220 165 281
internal_value=0.000879858 0.00376873 0.000652212 -0.00215635 0.0300784 0.0412775
internal_weight=78.2321 71.4515 64.7117 60.7654 3.94626 3.01529
internal_count=8954 7608 7435 6862 573 408
is_linear=0
shrinkage=0.03


Tree=73
num_leaves=7
num_cat=1
split_feature=4 29 14 16 16 19
split_gain=10.7152 6.40044 4.96663 9.07785 5.56403 6.06643
threshold=1.0000000180025095e-35 0.0071246246246246259 0 959.54548611111125 1338.1854166666669 0.57603686635944706
decision_type=2 2 1 2 2 2
left_child=2 -2 3 -1 -4 -6
right_child=1 -3 4 -5 5 -7
leaf_value=0.017385937279577712 -0.00829405175405829 0.023923838176927063 -0.021827851131880415 -0.018654523371050509 0.026019607618229034 -0.019956010294182588
leaf_weight=14.747822091449054 6.1534296409226981 21.469615834299475 19.830740731442351 8.1346974507905525 4.0901482722256324 2.6211927579715848
leaf_count=1549 941 1414 2890 1451 287 361
internal_value=0.00234923 0.0166714 -0.0059924 0.00410403 -0.0143744 0.00760419
internal_weight=77.0476 27.623 49.4246 22.8825 26.5421 6.71134
internal_count=8893 2355 6538 3000 3538 648
cat_boundaries=0 1
cat_threshold=1
is_linear=0
shrinkage=0.03


Tree=74
num_leaves=7
num_cat=0
split_feature=16 9 23 20 0 25
split_gain=7.67191 9.6868 8.25634 5.45101 5.1207 5.7302
threshold=205.43298611111115 1.0000000180025095e-35 0.42425133882321014 0.58571428571428574 3449.0000000000005 0.21825396825396828
decision_type=2 2 2 2 2 2
left_child=1 -1 4 -3 -2 -6
right_child=2 3 -4 -5 5 -7
leaf_value=-0.015573647102870843 -0.014323612551064673 -0.0040231207700163188 0.017064589236821789 0.041697200886920208 -0.015838090085173138 0.018108001102248649
leaf_weight=3.9348937179893229 35.67987303622067 2.5784449209459135 12.745185246225445 8.7787165734916908 5.3273743719328186 9.8413756771478784
leaf_count=521 5933 47 628 86 706 1010
internal_value=0.00184056 0.0195809 -0.00289234 0.032269 -0.00835102 0.00572971
internal_weight=78.8859 15.2921 63.5938 11.3572 50.8486 15.1688
internal_count=8931 654 8277 133 7649 1716
is_linear=0
shrinkage=0.03


Tree=75
num_leaves=7
num_cat=0
split_feature=25 16 1 1 24 2
split_gain=5.34999 3.6067 6.17906 7.63977 6.59926 5.45103
threshold=0.11805555555555557 205.43298611111115 0.20674802595437369 0.21912576589522173 0.30384615384615393 256.50000000000006
decision_type=2 2 2 2 2 2
left_child=-1 5 -3 -4 -5 -2
right_child=1 2 3 4 -6 -7
leaf_value=-0.010609207087224588 0.030388997152043257 -0.016480915234161713 0.053352735144551612 0.017005967091315442 -0.0065294669079315791 -0.012150751587279067
leaf_weight=16.48642925452441 9.4705893108621222 8.9329228352289629 1.2346598510630418 18.715153095079586 20.594535254873335 2.3485846968833348
leaf_count=2430 257 1664 213 2007 2189 146
internal_value=0.00371958 0.00778694 0.00382974 0.00886907 0.00495649 0.0214008
internal_weight=77.7829 61.2964 49.4773 40.5443 39.3097 11.8192
internal_count=8906 6476 6073 4409 4196 403
is_linear=0
shrinkage=0.03


Tree=76
num_leaves=7
num_cat=0
split_feature=29 23 24 24 26 25
split_gain=6.4277 3.56791 3.56057 3.5152 2.69414 2.54427
threshold=0.045100000000000008 0.46805477958313024 0.78174603174603186 0.16025641025641027 17.500000000000004 0.13809523809523813
decision_type=2 2 2 2 2 2
left_child=1 -1 4 5 -2 -3
right_child=2 3 -4 -5 -6 -7
leaf_value=-0.0083459464574549575 0.01414678584582693 -0.0057034211350575192 0.033960344067068042 -0.010554925014151001 -0.0070571896641374943 0.051618033609971352
leaf_weight=54.339439320610836 10.295924267731612 0.46346675697714024 3.257386637851595 1.066482037771493 7.9487776765599838 0.56815705029293895
leaf_count=8376 122 65 25 137 105 66
internal_value=-0.0012732 -0.00657213 0.0120108 0.0210211 0.00512418 0.0390923
internal_weight=77.9396 56.4375 21.5021 2.09811 18.2447 1.03162
internal_count=8896 8644 252 268 227 131
is_linear=0
shrinkage=0.03


Tree=77
num_leaves=7
num_cat=0
split_feature=16 9 1 1 25 1
split_gain=8.48583 10.7791 7.88399 5.23614 3.49198 3.31094
threshold=215.90659722222225 1.0000000180025095e-35 0.68650496475651146 0.88087821213889006 0.21825396825396828 0.20674802595437369
decision_type=2 2 2 2 2 2
left_child=1 -1 4 -4 -2 -6
right_child=2 -3 3 -5 5 -7
leaf_value=-0.01530983887870292 -0.016248454703124398 0.036123946684616826 0.029312720526720598 -0.012994747533208721 -0.016630748213504128 0.0043219387687769813
leaf_weight=3.8367551402188811 18.7202910897322 10.767359407618642 8.3950617378577572 2.2361420611850908 6.8499795098323366 27.153767174575478
leaf_count=522 3376 121 225 105 1280 3298
internal_value=0.00329735 0.0223949 -0.00165547 0.0197653 -0.00653924 -0.000588299
internal_weight=77.9594 14.6041 63.3552 10.6312 52.724 34.0037
internal_count=8927 643 8284 330 7954 4578
is_linear=0
shrinkage=0.03


Tree=78
num_leaves=7
num_cat=0
split_feature=4 19 24 2 16 13
split_gain=7.2612 5.28857 6.33026 4.96053 4.19712 3.32466
threshold=1.5000000000000002 0.55397727272727282 0.75735294117647067 220.50000000000003 205.43298611111115 1.5000000000000002
decision_type=2 2 2 2 2 2
left_child=1 3 -3 -1 -4 -5
right_child=-2 2 4 5 -6 -7
leaf_value=-0.0050178524154066602 0.023896541618701708 -0.012351530154125283 0.033335098364789449 0.02558101473718696 -0.012797707979832334 -0.012036387721606621
leaf_weight=11.791033105226235 9.1966966185718757 38.98413594532758 3.196944140829145 11.142838873900471 1.3968278779648242 1.2999666817486275
leaf_count=1597 369 5243 69 1292 193 188
internal_value=0.00149858 -0.00213663 -0.00825943 0.00866385 0.0196805 0.0205284
internal_weight=77.0084 67.8117 43.5779 24.2338 4.59377 12.4428
internal_count=8951 8582 5505 3077 262 1480
is_linear=0
shrinkage=0.03


Tree=79
num_leaves=7
num_cat=0
split_feature=0 0 18 4 29 20
split_gain=7.91888 6.25915 6.66926 6.41357 6.44413 5.81591
threshold=680.50000000000011 784.50000000000011 12.500000000000002 1.0000000180025095e-35 0.0071246246246246259 0.64583333333333337
decision_type=2 2 2 2 2 2
left_child=-1 -2 3 -3 -5 -6
right_child=1 2 -4 4 5 -7
leaf_value=-0.024190110792166177 0.036052193150694252 -0.0089607388645781706 0.025569491467253621 -0.016536321972964396 0.0028100441810071002 0.035251509966992008
leaf_weight=7.5037477063015094 3.3980791955254963 36.603409524541348 7.6210410953499368 4.6088715249206897 11.14175380440429 7.5767434961162499
leaf_count=1484 480 4977 179 732 626 447
internal_value=0.00161637 0.00493407 0.00237704 -0.00130271 0.0104724 0.0180768
internal_weight=78.4536 70.9499 67.5518 59.9308 23.3274 18.7185
internal_count=8925 7441 6961 6782 1805 1073
is_linear=0
shrinkage=0.03


Tree=80
num_leaves=7
num_cat=0
split_feature=0 16 9 0 0 0
split_gain=7.18193 6.18566 9.3435 6.09921 7.03027 4.84428
threshold=655.50000000000011 215.90659722222225 1.0000000180025095e-35 3213.5000000000005 784.50000000000011 4787.0000000000009
decision_type=2 2 2 2 2 2
left_child=-1 2 -2 4 -3 -5
right_child=1 3 -4 5 -6 -7
leaf_value=-0.023462354749698957 -0.014719231483411425 0.025515668972874678 0.033918247922987574 0.029416267858945931 -0.011681021720939086 0.0018351571792034292
leaf_weight=6.5085794099140903 3.5729586842935506 3.3889993724878869 11.123936442192644 7.393597130430865 31.245926216710359 15.447597203077747
leaf_count=1336 452 559 117 705 4447 1305
internal_value=0.00273893 0.00567069 0.0217472 0.000966795 -0.00684709 0.0124126
internal_weight=78.6816 72.173 14.6969 57.4761 34.6349 22.8412
internal_count=8921 7585 569 7016 5006 2010
is_linear=0
shrinkage=0.03


Tree=81
num_leaves=7
num_cat=0
split_feature=4 16 9 20 18 7
split_gain=6.47222 5.35605 8.51396 4.15407 3.99058 4.49458
threshold=1.5000000000000002 215.90659722222225 1.0000000180025095e-35 0.41428571428571431 4.5000000000000009 1.0000000180025095e-35
decision_type=2 2 2 2 2 2
left_child=1 2 -1 4 5 -3
right_child=-2 3 -4 -5 -6 -7
leaf_value=-0.020224617450768749 0.022097017952903537 0.026832977271953599 0.024899881743624289 -0.013528891896595683 -0.0078710748048072647 -0.014478359519709343
leaf_weight=3.6434146189130816 8.648292654193936 6.6806079379748571 10.568135612178594 33.588516090065241 11.349365974310784 1.8186806999146936
leaf_count=502 355 841 127 5207 1607 295
internal_value=0.0003218 -0.00301656 0.0122634 -0.00737607 0.00332123 0.0169191
internal_weight=76.297 67.6487 14.2116 53.4372 19.8487 8.49929
internal_count=8934 8579 629 7950 2743 1136
is_linear=0
shrinkage=0.03


Tree=82
num_leaves=7
num_cat=0
split_feature=1 16 24 29 26 2
split_gain=8.19212 8.29269 7.64226 4.40258 2.78891 2.31823
threshold=0.54988772858683954 215.90659722222225 0.63397129186602885 0.0098148148148148161 27.500000000000004 236.50000000000003
decision_type=2 2 2 2 2 2
left_child=1 2 -1 4 -2 -4
right_child=3 -3 5 -5 -6 -7
leaf_value=-0.0065599194821346733 -0.01938677503303304 -0.012080019905387278 0.0415941149964957 0.021317879191117873 0.016763203205848769 0.00083951906028886239
leaf_weight=7.7235553138889355 3.5343075767159489 40.836153377080336 4.5820203544571996 18.531533907633275 1.1322851483710108 1.6559091948438434
leaf_count=483 413 7504 73 299 118 54
internal_value=0.000981286 -0.00535946 0.0133482 0.0151957 -0.00821788 0.0336058
internal_weight=77.9958 54.7976 13.9615 23.1981 4.66659 6.23793
internal_count=8944 8114 610 830 531 127
is_linear=0
shrinkage=0.03


Tree=83
num_leaves=7
num_cat=0
split_feature=25 0 25 23 1 29
split_gain=6.47293 6.11128 5.68455 5.66304 6.01687 5.26583
threshold=0.21825396825396828 680.50000000000011 0.5590277777777779 0.27979269362663267 0.26952726863733817 0.0062659698025551696
decision_type=2 2 2 2 2 2
left_child=-1 -2 3 -3 5 -5
right_child=1 2 -4 4 -6 -7
leaf_value=-0.010151950039791593 -0.020891391666282882 -0.0037695445573052108 -0.0043922127321325425 -0.001881775439949888 0.011099420215588745 0.05135808167430795
leaf_weight=25.024248042842373 4.1798949881922445 8.0687796417623741 14.267268537078051 1.8847941968124375 16.798957936698571 6.9884926092345268
leaf_count=3820 833 1033 1041 244 1370 603
internal_value=0.00189515 0.00783323 0.0110697 0.0174876 0.0239583 0.0417833
internal_weight=77.2124 52.1882 48.0083 33.741 25.6722 8.87329
internal_count=8944 5124 4291 3250 2217 847
is_linear=0
shrinkage=0.03


Tree=84
num_leaves=7
num_cat=0
split_feature=4 29 6 25 2 19
split_gain=6.61147 6.18292 4.86345 5.26555 4.6767 4.3288
threshold=1.0000000180025095e-35 0.0071246246246246259 1.0000000180025095e-35 0.2752525252525253 272.50000000000006 0.25543478260869573
decision_type=2 2 2 2 2 2
left_child=2 -2 3 -1 -5 -4
right_child=1 -3 5 4 -6 -7
leaf_value=-0.010385921778476477 -0.011304175579800412 0.020323370128867629 0.011128102571681621 0.032870530740167603 -0.012966678655324436 -0.015310665813425736
leaf_weight=5.6627395078539831 5.8311136234551695 21.87723585171625 5.3311873183120033 6.3110027385409921 1.4469648797530679 27.725460515357554
leaf_count=538 955 1394 767 301 196 4671
internal_value=0.00225914 0.0133545 -0.00463366 0.00965629 0.0234159 -0.0106552
internal_weight=74.1857 27.7083 46.4774 13.4207 7.75797 33.0566
internal_count=8822 2349 6473 1035 497 5438
is_linear=0
shrinkage=0.03


Tree=85
num_leaves=7
num_cat=0
split_feature=0 4 6 2 18 29
split_gain=6.87282 5.49014 7.07022 6.64151 4.63282 4.62854
threshold=655.50000000000011 1.0000000180025095e-35 1.0000000180025095e-35 262.50000000000006 5.5000000000000009 0.0061184939091915849
decision_type=2 2 2 2 2 2
left_child=-1 2 3 4 -2 -3
right_child=1 5 -4 -5 -6 -7
leaf_value=-0.022986498242210496 -0.0075563343403147604 -0.01265799849502271 -0.0083555776883854852 -0.013364249291541407 0.037128935839427002 0.020598732889156229
leaf_weight=6.0133200217969707 1.9144753986038248 3.0188078926876214 30.159788985271007 3.5375035738106808 7.47485959273763 24.435161049710587
leaf_count=1348 207 474 4631 386 290 1520
internal_value=0.00351731 0.00634813 -0.000454809 0.0166283 0.0282907 0.0163307
internal_weight=76.5539 70.5406 43.0866 12.9268 9.38933 27.454
internal_count=8856 7508 5514 883 497 1994
is_linear=0
shrinkage=0.03


Tree=86
num_leaves=7
num_cat=0
split_feature=4 18 0 0 5 26
split_gain=7.6632 4.9604 2.92755 5.99248 3.07252 2.90858
threshold=1.5000000000000002 16.500000000000004 680.50000000000011 758.50000000000011 1.0000000180025095e-35 23.500000000000004
decision_type=2 2 2 2 2 2
left_child=1 2 -1 4 -4 -2
right_child=5 -3 3 -5 -6 -7
leaf_value=-0.022700284807244561 0.031068289312308379 0.023656793805349553 -0.008235657285777763 -0.0055783100184476925 0.042731706891192628 -0.0062019055462397086
leaf_weight=5.9480182770639649 6.9082103786058706 3.7101228022947899 0.71434721816331159 56.181373256491497 1.6980933111626646 1.6449258998036382
leaf_count=1395 284 36 84 6861 267 82
internal_value=0.000252978 -0.00333402 -0.00554996 -0.00311719 0.0307475 0.0240836
internal_weight=76.8051 68.252 64.5418 58.5938 2.41244 8.55314
internal_count=9009 8643 8607 7212 351 366
is_linear=0
shrinkage=0.03


Tree=87
num_leaves=7
num_cat=0
split_feature=25 3 1 1 28 3
split_gain=5.8223 5.35571 4.50703 3.72958 3.25421 2.93455
threshold=0.26969696969696971 0.23338261060008761 0.54988772858683954 0.21342056011679125 1.5000000000000002 0.76585085413929044
decision_type=2 2 2 2 2 2
left_child=2 3 -1 -2 5 -3
right_child=1 4 -4 -5 -6 -7
leaf_value=-0.015246161692825994 -0.0064460872087796018 -0.010944880481966473 0.0097807065378929057 0.030285548005787949 0.01477670205308881 0.0099653921195437378
leaf_weight=24.51914632902481 2.4074836468789718 18.42539983429015 7.0423925875220439 9.1798557087313366 8.3408368201926333 6.7926522346679112
leaf_count=4169 289 2314 429 659 76 950
internal_value=0.00014198 0.00693691 -0.00941179 0.0228284 0.000474484 -0.00499416
internal_weight=76.7078 45.1462 31.5615 11.5873 33.5589 25.2181
internal_count=8886 4288 4598 948 3340 3264
is_linear=0
shrinkage=0.03


Tree=88
num_leaves=7
num_cat=0
split_feature=0 0 1 18 24 8
split_gain=5.52824 5.22363 5.19986 6.63957 4.91369 4.81234
threshold=655.50000000000011 758.50000000000011 0.68650496475651146 12.500000000000002 0.14835164835164838 1.0000000180025095e-35
decision_type=2 2 2 2 2 2
left_child=-1 5 3 -3 -4 -2
right_child=1 2 4 -5 -6 -7
leaf_value=-0.022927660473327983 0.047215153011162261 -0.006797605100647486 0.041103415487075468 0.021798725355069232 0.0020565628348762272 -0.010349855555121218
leaf_weight=5.9233992337249211 2.2559898300096384 48.197391108842567 3.1688381298445147 6.5762771531008175 7.1245638579130173 1.0076233320869508
leaf_count=1351 325 6647 116 161 235 144
internal_value=0.0008538 0.00350872 0.00114739 -0.00271728 0.0188086 0.0322628
internal_weight=74.2541 68.3307 65.0671 54.7737 10.2934 3.26361
internal_count=8979 7628 7159 6808 351 469
is_linear=0
shrinkage=0.03


Tree=89
num_leaves=7
num_cat=0
split_feature=1 3 16 16 24 24
split_gain=5.18797 5.97371 4.75951 4.13061 3.97822 9.00675
threshold=0.68650496475651146 0.52630858519491908 1207.0975694444448 1200.5649305555557 0.63397129186602885 0.25833333333333336
decision_type=2 2 2 2 2 2
left_child=1 3 -3 4 5 -1
right_child=-2 2 -4 -5 -6 -7
leaf_value=0.020077551264370601 0.018382817823360618 -0.020793259197178782 0.005656148326233631 -0.011448786247253647 0.026968699733936334 -0.015683991590207912
leaf_weight=11.04783450835385 10.204954953864215 18.855771017260853 7.6464343734551212 8.8526458884589356 7.0350475211162111 10.37210889556445
leaf_count=1610 338 2927 1129 1272 414 1274
internal_value=0.000428891 -0.00291384 -0.0133006 0.00476595 0.0102311 0.00290029
internal_weight=74.0148 63.8098 26.5022 37.3076 28.455 21.4199
internal_count=8964 8626 4056 4570 3298 2884
is_linear=0
shrinkage=0.03


Tree=90
num_leaves=7
num_cat=0
split_feature=4 29 19 23 24 19
split_gain=7.43644 5.55687 4.45735 3.13053 3.08222 3.03068
threshold=1.0000000180025095e-35 0.0061184939091915849 0.30789473684210533 0.32082131745525566 0.67543859649122817 1.5241935483870972
decision_type=2 2 2 2 2 2
left_child=2 -2 3 -1 -4 -3
right_child=1 5 4 -5 -6 -7
leaf_value=0.022784229423040585 -0.018233270093445837 0.019902580611957113 -0.014743814456355695 -0.0075146121273009106 0.0072343148357293767 -0.011147942654165771
leaf_weight=5.1497079108376038 3.0474491729401079 23.685798338614408 31.461409214418381 4.0367053898517042 5.6647166730836025 1.8990689425263543
leaf_count=775 545 1582 4805 445 456 225
internal_value=0.000719383 0.0122653 -0.00663105 0.0105071 -0.011192 0.0169567
internal_weight=74.9449 28.6323 46.3125 9.18641 37.1261 25.5849
internal_count=8833 2352 6481 1220 5261 1807
is_linear=0
shrinkage=0.03


Tree=91
num_leaves=7
num_cat=0
split_feature=0 0 1 1 16 1
split_gain=4.51258 4.39939 3.79797 6.82884 5.76374 4.33256
threshold=655.50000000000011 784.50000000000011 0.54988772858683954 0.22773438802002882 180.45312500000003 0.20674802595437369
decision_type=2 2 2 2 2 2
left_child=-1 -2 3 4 -3 -6
right_child=1 2 -4 -5 5 -7
leaf_value=-0.022403132207832813 0.025840038097894102 0.034109772656544267 0.0089091613738581325 -0.013505824076204896 -0.014524492024304326 0.021635123782571371
leaf_weight=5.5238597108982495 4.359320839168503 3.9873363787773988 23.712614207994193 28.977461268659681 7.003610101528464 2.4844093865249306
leaf_count=1331 588 104 835 4563 1165 369
internal_value=-0.000295414 0.00200623 -0.000276148 -0.00557673 0.0110159 -0.00293803
internal_weight=76.0486 70.5248 66.1654 42.4528 13.4754 9.48802
internal_count=8955 7624 7036 6201 1638 1534
is_linear=0
shrinkage=0.03


Tree=92
num_leaves=7
num_cat=0
split_feature=4 18 1 1 19 25
split_gain=8.37381 3.47873 2.80835 9.41684 5.37397 4.77966
threshold=1.5000000000000002 16.500000000000004 0.21912576589522173 0.21342056011679125 0.30789473684210533 0.324561403508772
decision_type=2 2 2 2 2 2
left_child=1 2 3 4 -1 -5
right_child=-2 -3 -4 5 -6 -7
leaf_value=0.023214339309631748 0.024189985390551755 0.020346626185848215 -0.009082604568772518 -0.0062551748362679842 -0.01296923592004901 0.074928838023553601
leaf_weight=3.0276547344401488 9.0877649039030057 3.0533771277405313 48.781013122061267 0.51700116414576847 12.233732297085224 0.28647981700487435
leaf_count=462 379 34 5855 88 2065 46
internal_value=-3.16479e-05 -0.0038729 -0.00558796 0.00485429 -0.00393288 0.0554949
internal_weight=76.987 67.8993 64.8459 16.0649 15.2614 0.803481
internal_count=8929 8550 8516 2661 2527 134
is_linear=0
shrinkage=0.03


Tree=93
num_leaves=7
num_cat=0
split_feature=29 23 25 23 1 0
split_gain=5.36545 3.70665 4.57443 4.25105 5.11597 7.51778
threshold=0.041322580645161297 0.12861209406441076 0.21825396825396828 0.27979269362663267 0.26952726863733817 710.50000000000011
decision_type=2 2 2 2 2 2
left_child=1 -1 -3 -4 5 -5
right_child=-2 2 3 4 -6 -7
leaf_value=0.019819078607501765 0.012835868543032683 -0.017482116820862818 -0.014652804380228887 -0.016576468540689542 -0.0053115587427606968 0.033577432776313011
leaf_weight=3.336034217150881 21.325733264442533 18.866787321399897 9.3734747411217558 2.3072897503152507 12.365256146760656 7.9123305585235357
leaf_count=348 258 3483 1567 527 1765 1047
internal_value=0.000759373 -0.00428347 -0.00655597 0.000544071 0.0075302 0.0213944
internal_weight=75.4869 54.1612 50.8251 31.9584 22.5849 10.2196
internal_count=8995 8737 8389 4906 3339 1574
is_linear=0
shrinkage=0.03


Tree=94
num_leaves=7
num_cat=0
split_feature=0 0 25 8 18 13
split_gain=4.78914 4.99286 4.65601 4.45094 4.22183 3.52005
threshold=655.50000000000011 758.50000000000011 0.21825396825396828 1.0000000180025095e-35 1.0000000180025095e-35 1.5000000000000002
decision_type=2 2 2 2 2 2
left_child=-1 3 4 -2 -3 -4
right_child=1 2 5 -5 -6 -7
leaf_value=-0.022335611642501408 0.044792794730362524 0.017418165429364522 0.0094117846643288622 -0.01024168803374007 -0.016078949970721047 -0.012250806429476607
leaf_weight=5.382670684484764 2.3908322127535935 2.3890378468204316 38.933820838807151 0.99415406980551768 17.309254926396534 6.2966963315848252
leaf_count=1313 332 241 3597 144 2751 472
internal_value=0.000669932 0.00306637 0.000741019 0.0308288 -0.0107853 0.006005
internal_weight=73.6965 68.3138 64.9288 3.38499 19.6983 45.2305
internal_count=8850 7537 7061 476 2992 4069
is_linear=0
shrinkage=0.03


Tree=95
num_leaves=7
num_cat=0
split_feature=4 18 17 3 25 2
split_gain=6.08382 4.65188 5.64767 4.71599 4.45739 3.73533
threshold=1.5000000000000002 16.500000000000004 1.5000000000000002 0.28265987735435832 0.2817460317460318 163.50000000000003
decision_type=2 2 2 2 2 2
left_child=1 2 5 4 -4 -1
right_child=-2 -3 3 -5 -6 -7
leaf_value=-0.0063924486849629529 0.023224340409479145 0.024902338794545332 -0.014768277012321808 -0.016832880021920481 0.016980982188771001 0.016818988063517757
leaf_weight=8.9524607723578828 8.3705617338418943 3.5745937181636682 4.8086833236739022 27.565363286295906 7.7853530191350728 13.705263416282831
leaf_count=1208 363 33 735 3917 745 1891
internal_value=0.00184655 -0.00144906 -0.0036707 -0.0102482 0.00449584 0.00787314
internal_weight=74.7623 66.3917 62.8171 40.1594 12.594 22.6577
internal_count=8892 8529 8496 5397 1480 3099
is_linear=0
shrinkage=0.03


Tree=96
num_leaves=7
num_cat=0
split_feature=4 19 1 1 0 24
split_gain=7.0721 5.83852 3.88326 6.36001 5.30386 4.16791
threshold=1.5000000000000002 0.55397727272727282 0.21912576589522173 0.50271622637523772 655.50000000000011 0.64852941176470602
decision_type=2 2 2 2 2 2
left_child=1 2 4 -4 -1 -6
right_child=-2 -3 3 -5 5 -7
leaf_value=-0.012436958500149723 0.024927151604646824 -0.0081403855788166005 -0.012885464325475757 0.020299045647667189 0.047827973042535638 -0.0086493846565782791
leaf_weight=1.4003375391475881 8.6362838628701848 40.985105160390958 9.97214373201132 7.2010991852730504 4.0216215450782329 0.78542005550116289
leaf_count=366 364 5433 1703 372 512 103
internal_value=0.00225786 -0.00144334 0.0100126 0.00169543 0.0270025 0.0387701
internal_weight=73.002 64.3657 23.3806 17.1732 6.20738 4.80704
internal_count=8853 8489 3056 2075 981 615
is_linear=0
shrinkage=0.03


Tree=97
num_leaves=7
num_cat=1
split_feature=1 3 14 16 0 19
split_gain=8.1546 5.38542 3.88449 3.0556 3.22606 3.13909
threshold=0.59353386387730434 0.52630858519491908 0 1405.0468750000002 655.50000000000011 0.26679841897233209
decision_type=2 2 1 2 2 2
left_child=1 3 -2 4 -1 -6
right_child=2 -3 -4 -5 5 -7
leaf_value=-0.017208235603560135 -0.0039086804743304632 -0.014683694335965907 0.025298458056942412 -0.016477092081442098 0.030738083451964531 0.0050209115088512158
leaf_weight=2.507103062001991 4.9563043103553355 23.884129428304732 13.146044493187221 3.9242424736730745 3.6597469437401768 22.244441074784845
leaf_count=561 262 3919 363 674 475 2637
internal_value=0.00126349 -0.0044581 0.0177085 0.00351022 0.00717298 0.0105969
internal_weight=74.322 56.2197 18.1023 32.3355 28.4113 25.9042
internal_count=8891 8266 625 4347 3673 3112
cat_boundaries=0 1
cat_threshold=1
is_linear=0
shrinkage=0.03


Tree=98
num_leaves=7
num_cat=0
split_feature=0 0 18 2 1 29
split_gain=5.26786 6.30694 4.79049 4.09211 3.88437 4.59981
threshold=655.50000000000011 758.50000000000011 12.500000000000002 318.50000000000006 0.68650496475651146 0.0098148148148148161
decision_type=2 2 2 2 2 2
left_child=-1 3 4 -2 -3 -6
right_child=1 2 -4 -5 5 -7
leaf_value=-0.022253727682625332 0.047251815608410991 -0.004961315693387966 0.02097033810088306 -0.0088587130878355486 -0.015721930576840494 0.023332074808506836
leaf_weight=5.3311035414226344 2.6282748284284021 48.784467153484002 8.1024126876145584 0.82777937944047142 2.1388564431108525 8.0554941166192275
leaf_count=1364 324 6634 180 143 195 127
internal_value=0.00205395 0.00445401 0.00187371 0.0354916 -0.0013515 0.0139035
internal_weight=75.8684 70.5373 67.0812 3.45605 58.9788 10.1944
internal_count=8967 7603 7136 467 6956 322
is_linear=0
shrinkage=0.03


Tree=99
num_leaves=7
num_cat=0
split_feature=0 0 1 16 9 8
split_gain=5.58874 5.79852 4.5145 6.45132 4.72525 4.43696
threshold=655.50000000000011 758.50000000000011 0.68650496475651146 215.90659722222225 1.0000000180025095e-35 1.0000000180025095e-35
decision_type=2 2 2 2 2 2
left_child=-1 5 3 4 -3 -2
right_child=1 2 -4 -5 -6 -7
leaf_value=-0.022027543619777806 0.048346225067857608 -0.011615058280371279 0.018785241634719091 -0.0061987106368282079 0.026147361140280916 -0.0092512116647785452
leaf_weight=5.1442448089364907 2.5693946331739421 2.7421201791148606 11.545421104878185 41.999805545900017 9.330200448166579 0.87609636154957105
leaf_count=1347 326 400 346 6254 100 139
internal_value=0.00340941 0.00587074 0.00329629 -0.000562975 0.0171382 0.0356819
internal_weight=74.2073 69.063 65.6175 54.0721 12.0723 3.44549
internal_count=8912 7565 7100 6754 500 465
is_linear=0
shrinkage=0.03


Tree=100
num_leaves=7
num_cat=1
split_feature=4 29 20 25 29 14
split_gain=3.4399 4.30169 3.197 7.02059 3.63813 3.29703
threshold=1.0000000180025095e-35 0.0071246246246246259 0.61250000000000016 0.42261904761904767 0.18053260869565221 0
decision_type=2 2 2 2 2 1
left_child=-1 -2 3 -3 -5 -4
right_child=1 2 5 4 -6 -7
leaf_value=-0.0026998394130477604 -0.01070052146708218 -0.017397850902313213 0.0041392321512766957 0.030540413145885577 -0.012343850101621343 0.037836003206390294
leaf_weight=44.043734295293689 5.5524950025137541 5.647005326580258 4.6354703309480083 5.5521573885343969 1.1297944225370882 6.2058960080612451
leaf_count=6520 950 567 280 197 10 349
internal_value=0.00256517 0.0102887 0.0157692 0.0041155 0.0221163 0.0263168
internal_weight=72.7666 28.7228 23.1703 12.329 6.68195 10.8414
internal_count=8873 2353 1403 774 207 629
cat_boundaries=0 1
cat_threshold=1
is_linear=0
shrinkage=0.03


Tree=101
num_leaves=7
num_cat=0
split_feature=0 0 16 1 9 3
split_gain=5.36431 4.58751 4.95437 6.35966 5.06487 4.22049
threshold=680.50000000000011 784.50000000000011 180.45312500000003 0.68650496475651146 1.0000000180025095e-35 0.76585085413929044
decision_type=2 2 2 2 2 2
left_child=-1 -2 4 -4 -3 -5
right_child=1 2 3 5 -6 -7
leaf_value=-0.022543803109274466 0.029093830199879354 -0.011092940518287936 -0.0074106151266444872 0.0024698629340496156 0.029860292423433354 0.039460645039182139
leaf_weight=5.6312167949508867 3.9823498863261184 2.6161399211268854 43.125159387476742 7.5663866782560927 7.3270547986030579 2.6716092145070434
leaf_count=1443 471 346 6223 229 79 81
internal_value=0.00137323 0.00396773 0.00154455 -0.0022837 0.0190319 0.016994
internal_weight=72.9199 67.2887 63.3063 53.3632 9.94319 10.238
internal_count=8872 7429 6958 6533 425 310
is_linear=0
shrinkage=0.03


Tree=102
num_leaves=7
num_cat=0
split_feature=0 0 1 1 3 2
split_gain=4.42677 5.50673 5.11228 6.09123 4.53458 3.76014
threshold=655.50000000000011 758.50000000000011 0.13851440417515656 0.68650496475651146 0.35931340341655721 318.50000000000006
decision_type=2 2 2 2 2 2
left_child=-1 5 -3 4 -4 -2
right_child=1 2 3 -5 -6 -7
leaf_value=-0.021798409241862885 0.04220266666335571 0.026437085672116195 0.0042064979963615697 0.016622432180543184 -0.013873014113892286 -0.0092955195837105403
leaf_weight=4.9717103728326029 2.9449968780390914 4.2904736907221368 19.837351086782292 10.762590308208017 28.589142095996067 0.88579230196773995
leaf_count=1366 337 374 2231 347 4147 148
internal_value=0.00102094 0.0032868 0.000701627 -0.00196701 -0.00659385 0.0311908
internal_weight=72.2821 67.3103 63.4796 59.1891 48.4265 3.83079
internal_count=8950 7584 7099 6725 6378 485
is_linear=0
shrinkage=0.03


Tree=103
num_leaves=7
num_cat=0
split_feature=0 4 25 3 19 16
split_gain=6.07241 4.73009 5.22433 4.22074 7.88054 6.51336
threshold=680.50000000000011 1.5000000000000002 0.087121212121212141 0.35383815155497156 0.55397727272727282 1388.6072916666669
decision_type=2 2 2 2 2 2
left_child=-1 2 -2 -4 5 -5
right_child=1 -3 3 4 -6 -7
leaf_value=-0.022389767113846798 -0.014264960609482645 0.024332955100735722 0.016947037606742106 0.001082337776184645 -0.012126187416848098 0.046902057345710541
leaf_weight=5.4993336212355635 11.182314612669868 8.8283585198223573 19.687709589954466 7.4776100753806549 18.018731221091002 2.5512337868567556
leaf_count=1464 1718 322 1820 919 2346 229
internal_value=0.00340279 0.00607852 0.00263416 0.00700733 -0.000633352 0.0185986
internal_weight=73.2453 67.746 58.9176 47.7353 28.0476 10.0288
internal_count=8818 7354 7032 5314 3494 1148
is_linear=0
shrinkage=0.03


Tree=104
num_leaves=7
num_cat=1
split_feature=4 12 8 26 18 14
split_gain=5.8191 3.76469 3.16813 3.02365 2.3182 2.21475
threshold=1.0000000180025095e-35 1.5000000000000002 1.0000000180025095e-35 27.500000000000004 11.500000000000002 0
decision_type=2 2 2 2 2 1
left_child=3 2 -2 5 -4 -1
right_child=1 -3 4 -5 -6 -7
leaf_value=8.4597632113616607e-05 0.022044782753622205 -0.010870507395405599 -0.0088841501148346925 0.010735017623044345 0.022654274531373867 -0.014267755230543903
leaf_weight=16.671933289268054 18.53965678438545 4.1468240767717353 6.2144436922390005 7.5345176320988676 0.81984453229233611 20.984823041246273
leaf_count=2610 1456 279 633 937 31 3007
internal_value=0.00198756 0.0118811 0.0160911 -0.00474683 -0.00100692 -0.00822968
internal_weight=74.912 29.7208 25.5739 45.1913 7.03429 37.6568
internal_count=8953 2399 2120 6554 664 5617
cat_boundaries=0 1
cat_threshold=1
is_linear=0
shrinkage=0.03


Tree=105
num_leaves=7
num_cat=0
split_feature=4 29 6 2 20 23
split_gain=4.75827 5.765 3.85498 4.42928 3.38266 4.35537
threshold=1.0000000180025095e-35 0.0071246246246246259 1.0000000180025095e-35 262.50000000000006 0.61250000000000016 0.45847328586475072
decision_type=2 2 2 2 2 2
left_child=2 -2 3 -1 5 -3
right_child=1 4 -4 -5 -6 -7
leaf_value=0.017522829029240555 -0.014702120152073842 -0.0073072518358400489 -0.011510528568673935 -0.015213909647498046 0.026309905580316512 0.025645025401532927
leaf_weight=9.054713102988897 5.5464460030198124 9.229051047703253 30.637214087764733 3.7967069514561436 11.106243812479077 3.3716510760132214
leaf_count=602 950 736 5532 435 607 70
internal_value=0.000259902 0.00926549 -0.0059389 0.007105 0.0155805 0.00381506
internal_weight=72.742 29.2534 43.4886 12.8514 23.7069 12.6007
internal_count=8932 2363 6569 1037 1413 806
is_linear=0
shrinkage=0.03


Tree=106
num_leaves=7
num_cat=1
split_feature=29 23 14 4 25 12
split_gain=5.52477 3.71565 4.47023 3.29348 2.82565 3.69104
threshold=0.041322580645161297 0.12861209406441076 0 1.5000000000000002 0.21825396825396828 1.0000000180025095e-35
decision_type=2 2 1 2 2 2
left_child=1 2 -1 4 -3 -6
right_child=-2 3 -4 -5 5 -7
leaf_value=0.038860213057646378 0.014363674939203187 -0.017385025752154899 -0.012235207951796391 0.014859347265165763 0.007272419094859023 -0.012979005410661061
leaf_weight=1.8690504364203653 20.703496733214706 16.331131082610227 1.3235404824372381 4.4914034185931078 15.733800395391883 12.980740624829194
leaf_count=155 270 3350 167 321 2803 1885
internal_value=0.00196329 -0.00325251 0.0211239 -0.00558232 -0.00816557 -0.00213148
internal_weight=73.4332 52.7297 3.19259 49.5371 45.0457 28.7145
internal_count=8951 8681 322 8359 8038 4688
cat_boundaries=0 1
cat_threshold=1
is_linear=0
shrinkage=0.03


Tree=107
num_leaves=7
num_cat=0
split_feature=29 0 16 0 0 20
split_gain=5.80033 2.38403 2.46212 2.29768 8.53722 4.74635
threshold=0.012099567099567101 726.50000000000011 1557.2517361111113 3654.5000000000005 4945.5000000000009 0.30952380952380959
decision_type=2 2 2 2 2 2
left_child=3 -2 -3 -1 5 -5
right_child=1 2 -4 4 -6 -7
leaf_value=-0.0086753011174181549 -0.013424522968004553 0.016249189667376981 -0.0097067073690540063 -0.0090175629248566442 -0.01225385769629098 0.052704599878137019
leaf_weight=29.499865417252295 1.5798392677679647 29.628811933565888 2.3565405679401001 0.84911519917659317 6.3611390860751271 1.9837693884037433
leaf_count=5856 273 1190 59 130 1111 342
internal_value=0.0031261 0.0119104 0.0138782 -0.00470479 0.00730878 0.0381286
internal_weight=72.2591 33.5652 31.9854 38.6939 9.19402 2.83288
internal_count=8961 1522 1249 7439 1583 472
is_linear=0
shrinkage=0.03


Tree=108
num_leaves=7
num_cat=0
split_feature=0 0 25 25 1 2
split_gain=4.5713 5.3483 4.24115 4.48234 4.04675 3.66963
threshold=655.50000000000011 784.50000000000011 0.11805555555555557 0.5590277777777779 0.62275871778360414 318.50000000000006
decision_type=2 2 2 2 2 2
left_child=-1 5 -3 -4 -5 -2
right_child=1 2 3 4 -6 -7
leaf_value=-0.021232520180118383 0.039563652280735266 -0.012842793308854683 0.010792700530091509 -0.021086060841559087 0.0097970014945555229 -0.0095226364885624276
leaf_weight=4.5597418368561184 3.9352497004438183 11.596932597691191 39.129483272088692 7.2351100533269328 4.9486390007659793 0.91931799589656282
leaf_count=1336 425 1947 4143 894 82 167
internal_value=0.00283029 0.0050117 0.00219718 0.00595053 -0.00892967 0.0302018
internal_weight=72.3245 67.7647 62.9102 51.3132 12.1837 4.85457
internal_count=8994 7658 7066 5119 976 592
is_linear=0
shrinkage=0.03


Tree=109
num_leaves=7
num_cat=0
split_feature=0 0 24 8 29 1
split_gain=5.36152 4.69919 4.20752 4.02464 3.95752 3.56003
threshold=680.50000000000011 758.50000000000011 0.78174603174603186 1.0000000180025095e-35 0.0071246246246246259 0.68650496475651146
decision_type=2 2 2 2 2 2
left_child=-1 3 5 -2 -4 -3
right_child=1 2 4 -5 -6 -7
leaf_value=-0.021933517118038186 0.045653533153942362 -0.0032754430025144776 -0.011763414299809462 -0.0093007690826896871 0.032624946436213269 0.014683891205598494
leaf_weight=5.1042476240545502 2.3316070877481248 47.989325360860676 1.2783642848953594 0.85389564908109594 5.1016878294758499 10.398239153437315
leaf_count=1420 252 6425 265 109 114 320
internal_value=0.00302213 0.00547015 0.00316687 0.033017 0.0230461 0.000303327
internal_weight=73.0574 67.9531 64.7676 3.1855 6.38005 58.3876
internal_count=8905 7485 7124 361 379 6745
is_linear=0
shrinkage=0.03


Tree=110
num_leaves=7
num_cat=1
split_feature=18 1 1 2 24 11
split_gain=4.19029 4.28881 4.64403 3.30794 3.38265 3.80946
threshold=16.500000000000004 0.68650496475651146 0.89996769789158659 328.50000000000006 0.83974358974358987 0
decision_type=2 2 2 2 2 1
left_child=1 3 -3 4 5 -1
right_child=-2 2 -4 -5 -6 -7
leaf_value=0.0066671310375220677 0.02819075259182776 0.022181201866319396 -0.018187224512323311 -0.017627567302721952 0.023521803698335612 -0.007842343662869582
leaf_weight=16.85625341325067 3.0173986591398707 10.27006122143939 1.6292776311747719 10.169018674641846 2.936304011847823 27.992258178652264
leaf_count=2111 33 282 69 1899 208 4252
internal_value=0.00170906 -0.000187686 0.0148322 -0.00366355 -0.000103121 -0.00258801
internal_weight=72.8706 69.8532 11.8993 57.9538 47.7848 44.8485
internal_count=8854 8821 351 8470 6571 6363
cat_boundaries=0 1
cat_threshold=26
is_linear=0
shrinkage=0.03


Tree=111
num_leaves=7
num_cat=1
split_feature=0 18 25 14 23 25
split_gain=5.02469 2.53906 6.45838 3.77079 3.49997 2.52955
threshold=655.50000000000011 1.5000000000000002 0.087121212121212141 0 0.46805477958313024 0.5590277777777779
decision_type=2 2 2 1 2 2
left_child=-1 3 -3 -2 5 -4
right_child=1 2 4 -5 -6 -7
leaf_value=-0.021034868787244056 0.038766450168738788 -0.018261648762768482 0.0083603531312766068 -0.0037751147321050012 0.027146228518138232 -0.0080355225447317474
leaf_weight=4.4138636471470809 2.9665453045163295 7.6240144097246221 40.222244378412142 2.4906066348776221 5.8683695006184271 8.8972285697236639
leaf_count=1344 242 1361 4554 291 178 913
internal_value=0.00461773 0.00683408 0.00469378 0.0235456 0.00840573 0.00519231
internal_weight=72.4829 68.069 62.6119 5.45715 54.9878 49.1195
internal_count=8883 7539 7006 533 5645 5467
cat_boundaries=0 1
cat_threshold=1
is_linear=0
shrinkage=0.03


Tree=112
num_leaves=7
num_cat=0
split_feature=1 2 22 23 1 23
split_gain=5.60447 3.85698 3.47942 4.21064 3.34535 3.02565
threshold=0.54988772858683954 200.50000000000003 0.35416666666666669 0.31807115049680329 0.89996769789158659 0.31043964764313675
decision_type=2 2 2 2 2 2
left_child=1 2 3 5 -2 -1
right_child=4 -3 -4 -5 -6 -7
leaf_value=0.00079389293664373483 0.017066834737982487 -0.012284762990865224 0.01771419100469402 -0.016810937755299175 -0.015496209231123294 0.037163183683980049
leaf_weight=9.3036699590738898 21.000515364576135 23.053353772149421 8.4909827136434597 8.8680806996999291 1.6668234551325429 0.67778763617388982
leaf_count=1744 731 4265 456 1457 67 137
internal_value=0.00185949 -0.00374374 0.00380449 -0.00355948 0.0136101 0.00905474
internal_weight=73.0612 50.3939 27.3405 18.8495 22.6673 9.98146
internal_count=8857 8059 3794 3338 798 1881
is_linear=0
shrinkage=0.03


Tree=113
num_leaves=7
num_cat=0
split_feature=23 25 1 19 0 17
split_gain=4.38147 3.49607 4.16066 4.08023 3.81383 6.88872
threshold=0.44349962930048109 0.21825396825396828 0.16871857076270746 0.50714285714285723 3449.0000000000005 2.5000000000000004
decision_type=2 2 2 2 2 2
left_child=1 2 3 -1 -3 -6
right_child=-2 4 -4 -5 5 -7
leaf_value=0.031872645294159091 0.016282056033933023 -0.0034219447970773391 -0.01789939403376713 -0.013907206529170111 0.030289423528711057 -0.011349933074950615
leaf_weight=1.7966348595218762 11.298750015208496 29.71468055783771 17.305514783482067 1.6715174762066451 7.4779754406772536 4.3908273328561336
leaf_count=232 524 3728 2969 384 652 460
internal_value=0.000620484 -0.0026351 -0.0121021 0.0127919 0.0024326 0.0154698
internal_weight=73.6559 62.3572 20.7737 3.46815 41.5835 11.8688
internal_count=8949 8425 3585 616 4840 1112
is_linear=0
shrinkage=0.03


Tree=114
num_leaves=7
num_cat=0
split_feature=23 4 29 17 12 2
split_gain=3.72641 3.13711 3.58664 3.38892 2.96407 2.90784
threshold=0.46805477958313024 1.0000000180025095e-35 0.0061184939091915849 4.5000000000000009 1.0000000180025095e-35 328.50000000000006
decision_type=2 2 2 2 2 2
left_child=1 3 -3 -1 -5 -4
right_child=-2 2 5 4 -6 -7
leaf_value=-0.010883613301236342 0.018823442539604485 -0.017941908626873813 0.015501445198875809 -0.010748271993171285 0.022844298714455692 -0.0089602813422475485
leaf_weight=33.69597605324816 6.693241982953622 2.9258806565776494 17.71648369834293 2.383808798971585 3.9665642252657562 4.1905904004815957
leaf_count=5752 336 564 1328 322 205 383
internal_value=0.000354806 -0.00205643 0.00602933 -0.00711875 0.0106802 0.010464
internal_weight=71.5725 64.8793 24.833 40.0463 6.35037 21.9071
internal_count=8890 8554 2275 6279 527 1711
is_linear=0
shrinkage=0.03


Tree=115
num_leaves=7
num_cat=0
split_feature=0 25 18 25 4 25
split_gain=4.25053 2.71022 4.71235 3.23422 4.8022 3.80852
threshold=655.50000000000011 0.087121212121212141 1.5000000000000002 0.5590277777777779 1.0000000180025095e-35 0.46410256410256417
decision_type=2 2 2 2 2 2
left_child=-1 2 -2 5 -5 -3
right_child=1 3 -4 4 -6 -7
leaf_value=-0.020741957602716729 0.014083367448492753 0.006508642408682516 -0.019502426997459833 -0.020441342378775505 0.011394056710475388 0.027851013990542565
leaf_weight=4.2313236836343995 4.3927250921260548 33.568198464112356 7.5807227836921811 6.3032400812953693 6.9161967786494642 8.5214972202666086
leaf_count=1333 458 3945 1355 754 298 727
internal_value=0.00313317 0.00519006 -0.00692859 0.00796378 -0.00447702 0.011897
internal_weight=71.5139 67.2826 11.9734 55.3091 13.2194 42.0897
internal_count=8870 7537 1813 5724 1052 4672
is_linear=0
shrinkage=0.03


Tree=116
num_leaves=7
num_cat=0
split_feature=4 29 2 2 1 24
split_gain=3.77631 3.39521 2.86529 5.10156 2.90757 2.54669
threshold=1.0000000180025095e-35 0.0061184939091915849 192.50000000000003 155.50000000000003 0.32711581395930062 0.63397129186602885
decision_type=2 2 2 2 2 2
left_child=2 -2 3 5 -5 -1
right_child=1 -3 -4 4 -6 -7
leaf_value=-0.009980181951767959 -0.013198633858991202 0.014267836889401565 -0.010487087666671915 0.042589829135013614 -0.0004821320901864832 0.012814862338172479
leaf_weight=12.885218867450027 3.12532317824662 26.076399415847845 20.696621447103098 2.1080059161176896 2.0806868101935834 4.354656370705924
leaf_count=2038 564 1814 3662 364 218 323
internal_value=0.00273828 0.0106706 -0.00299495 0.00451879 0.0279529 -0.00348875
internal_weight=71.3269 29.2017 42.1252 21.4286 4.18869 17.2399
internal_count=8983 2378 6605 2943 582 2361
is_linear=0
shrinkage=0.03


Tree=117
num_leaves=7
num_cat=0
split_feature=0 1 1 23 18 25
split_gain=4.41697 6.85204 6.38148 5.43787 3.57845 3.4063
threshold=680.50000000000011 0.22773438802002882 0.20271224113895817 0.44349962930048109 14.500000000000002 0.26969696969696971
decision_type=2 2 2 2 2 2
left_child=-1 2 -2 4 -3 -4
right_child=1 3 5 -5 -6 -7
leaf_value=-0.021640223739737906 0.0061044372662106324 -0.0093004109294310324 0.0033643220066569297 0.017067240262165381 0.019253347463418648 0.059768627543070559
leaf_weight=4.8886878408957264 12.303351589711385 38.704586011823267 1.5756965305190527 8.7989661330357176 2.5061793765053144 2.2135680851060897
leaf_count=1471 1318 5207 268 321 39 259
internal_value=0.00129616 0.00357816 0.0194103 -0.00206696 -0.00675319 0.045579
internal_weight=70.991 66.1023 16.0926 50.0097 41.2108 3.78926
internal_count=8883 7412 1845 5567 5246 527
is_linear=0
shrinkage=0.03


Tree=118
num_leaves=7
num_cat=0
split_feature=0 0 25 19 3 23
split_gain=3.7879 3.87772 3.28295 3.95229 3.87846 3.72053
threshold=680.50000000000011 758.50000000000011 0.26969696969696971 0.55397727272727282 0.95885348226018408 0.29173688666374259
decision_type=2 2 2 2 2 2
left_child=-1 -2 3 5 -5 -3
right_child=1 2 -4 4 -6 -7
leaf_value=-0.021297111578106286 0.027324400752357005 0.020006048537166782 0.0054590148647399176 -0.021986669295837778 0.023871981098844166 -0.011048166040999591
leaf_weight=4.6821563940029582 3.1795501234009853 5.0893537106458115 39.701004650676623 12.797268489608538 0.2264992205891766 5.0023601159919053
leaf_count=1452 362 707 3459 2202 53 682
internal_value=0.000263337 0.0023744 0.000307351 -0.00827079 -0.0181174 0.00533148
internal_weight=70.6782 65.996 62.8165 23.1155 13.0238 10.0917
internal_count=8917 7465 7103 3644 2255 1389
is_linear=0
shrinkage=0.03


Tree=119
num_leaves=7
num_cat=0
split_feature=26 25 27 25 0 23
split_gain=3.93033 3.60138 3.49737 3.45061 2.8073 2.80234
threshold=1.5000000000000002 0.26969696969696971 4.5000000000000009 0.5590277777777779 784.50000000000011 0.31807115049680329
decision_type=2 2 2 2 2 2
left_child=-1 2 4 -3 5 -2
right_child=1 3 -4 -5 -6 -7
leaf_value=0.019174277360977088 0.023185427525296873 0.010133900098342566 0.017718382674526703 -0.0075572852267186122 -0.018728625503074615 -0.013953610365538185
leaf_weight=7.8637444357154882 1.9065249979030405 26.928742223302834 1.8656504792161275 13.352381501928901 17.27685192739591 1.6371574215590952
leaf_count=909 468 2933 21 1139 3047 365
internal_value=0.00155917 -0.00116327 -0.010237 0.00418954 -0.0140753 0.00718349
internal_weight=70.8311 62.9673 22.6862 40.2811 20.8205 3.54368
internal_count=8882 7973 3901 4072 3880 833
is_linear=0
shrinkage=0.03


Tree=120
num_leaves=7
num_cat=0
split_feature=4 25 25 2 23 23
split_gain=2.16239 3.49057 6.82298 2.95042 2.94617 3.26538
threshold=1.0000000180025095e-35 0.53589743589743599 0.26969696969696971 192.50000000000003 0.46805477958313024 0.24146563123777515
decision_type=2 2 2 2 2 2
left_child=1 2 4 -4 5 -1
right_child=-2 -3 3 -5 -6 -7
leaf_value=0.00810523328831903 0.0082059712884643213 -0.01834077053140163 0.024831619231140002 0.00074278884708079069 0.017947006593344729 -0.020671899440676079
leaf_weight=3.4656281801872018 27.787628082442097 7.562217919738031 8.9983190192142519 8.0542062810854969 1.2127006677910674 12.880241648643276
leaf_count=657 2348 972 992 1184 113 2645
internal_value=0.00200092 -0.00227396 0.00204664 0.0147264 -0.0105143 -0.0143521
internal_weight=69.9609 42.1733 34.6111 17.0525 17.5586 16.3459
internal_count=8911 6563 5591 2176 3415 3302
is_linear=0
shrinkage=0.03


Tree=121
num_leaves=7
num_cat=0
split_feature=0 0 8 12 25 3
split_gain=3.8387 4.95144 3.5822 3.29291 3.50472 3.39641
threshold=680.50000000000011 758.50000000000011 1.0000000180025095e-35 1.5000000000000002 0.21825396825396828 0.75626916338151562
decision_type=2 2 2 2 2 2
left_child=-1 2 -2 4 5 -3
right_child=1 3 -4 -5 -6 -7
leaf_value=-0.021443366630044515 0.041140955351350664 -0.015579502103576202 -0.0093954663776002045 -0.017078755070211005 0.0075054439634370477 0.010400608835607429
leaf_weight=4.7461333633400491 2.5969563450198616 12.67183351959102 0.86985646770335723 6.908265199745073 38.253743186593056 4.9167570683639488
leaf_count=1474 258 2062 115 748 3620 667
internal_value=0.000148547 0.00227945 0.0296625 -0.000102875 0.00251513 -0.00799656
internal_weight=70.9635 66.2174 3.46681 62.7506 55.8423 17.5886
internal_count=8944 7470 373 7097 6349 2729
is_linear=0
shrinkage=0.03


Tree=122
num_leaves=7
num_cat=1
split_feature=0 25 23 14 18 23
split_gain=3.80733 2.84461 4.74342 4.57477 3.61939 3.50733
threshold=680.50000000000011 0.11805555555555557 0.12861209406441076 0 14.500000000000002 0.26335122756024681
decision_type=2 2 2 1 2 2
left_child=-1 2 -2 5 -5 -3
right_child=1 3 -4 4 -6 -7
leaf_value=-0.021184446637678225 0.016525178218581873 -0.0093077801347737528 -0.018885276767636131 -0.0067358888789592888 0.019351325950544254 0.019169483285794431
leaf_weight=4.5658407334703943 3.073501420672982 3.4265254412312087 9.5219142714049649 25.349382883869115 3.8233617395162574 21.091243028175086
leaf_count=1473 272 406 1772 3430 49 1535
internal_value=0.000655549 0.00273631 -0.00916411 0.00575692 -0.00229472 0.0147878
internal_weight=70.8518 66.2859 12.5954 53.6905 29.1727 24.5178
internal_count=8937 7464 2044 5420 3479 1941
cat_boundaries=0 1
cat_threshold=2
is_linear=0
shrinkage=0.03


Tree=123
num_leaves=7
num_cat=1
split_feature=11 23 24 2 16 26
split_gain=3.29063 3.77218 3.39854 3.38902 3.19118 4.98702
threshold=0 0.44349962930048109 0.67543859649122817 81.500000000000014 662.11805555555577 22.500000000000004
decision_type=1 2 2 2 2 2
left_child=3 2 4 -1 -2 -6
right_child=1 -3 -4 -5 5 -7
leaf_value=0.012314615815748085 -0.01290301891150185 0.023273732839198997 0.018411350103390425 -0.015389844628638773 0.014113422164541806 -0.013070631837650653
leaf_weight=3.4375230162404504 12.839870982104911 7.3426439586328334 7.16282891226001 16.676770751131698 15.106270729564132 7.5526555487886062
leaf_count=393 1815 356 564 2115 2552 1065
internal_value=0.00125843 0.00501946 0.00210001 -0.00686522 -0.00199767 0.00472724
internal_weight=70.1186 50.0043 42.6616 20.1143 35.4988 22.6589
internal_count=8860 6352 5996 2508 5432 3617
cat_boundaries=0 1
cat_threshold=66
is_linear=0
shrinkage=0.03


Tree=124
num_leaves=7
num_cat=0
split_feature=26 18 0 25 19 20
split_gain=4.26591 4.53632 2.84285 2.80478 2.85603 5.18079
threshold=1.5000000000000002 12.500000000000002 832.50000000000011 0.087121212121212141 1.1180555555555558 0.68333333333333346
decision_type=2 2 2 2 2 2
left_child=-1 3 -3 -2 -5 -6
right_child=1 2 -4 4 5 -7
leaf_value=0.019789402891326396 -0.020396084970640421 -0.013245756118335913 0.022939727462065587 -0.0060301409412170971 0.022492340903121834 -0.013223498390532303
leaf_weight=7.738589792745187 6.7890351833775631 1.0673104376764948 7.3937447557691485 36.330359377083369 7.746899896184912 4.1964756574016064
leaf_count=901 1502 51 156 4689 1027 620
internal_value=0.00128953 -0.00149941 0.0167154 -0.0047861 -0.0018667 0.00984636
internal_weight=71.2624 63.5238 8.46106 55.0628 48.2737 11.9434
internal_count=8946 8045 207 7838 6336 1647
is_linear=0
shrinkage=0.03


Tree=125
num_leaves=7
num_cat=0
split_feature=25 1 0 0 29 25
split_gain=4.28855 4.41631 3.38258 3.48298 4.11577 4.1879
threshold=0.11805555555555557 0.077917896327868386 680.50000000000011 1350.5000000000002 0.0061184939091915849 0.5590277777777779
decision_type=2 2 2 2 2 2
left_child=1 -1 -2 4 -4 -6
right_child=2 -3 3 -5 5 -7
leaf_value=0.02582412770951566 -0.018597454648941133 -0.017703569877003569 -0.0090895238409676553 0.0017340312671607237 0.031538842449665427 -0.0064220139005412014
leaf_weight=0.64199863211251695 3.1537606698693699 13.031784091028383 3.0874583041295436 38.16104485350661 10.710325736552475 2.5390451776329419
leaf_count=32 1064 2398 557 3447 1156 301
internal_value=0.00138262 -0.0126255 0.00501697 0.00699349 0.0177499 0.024376
internal_weight=71.3254 13.6738 57.6516 54.4979 16.3368 13.2494
internal_count=8955 2430 6525 5461 2014 1457
is_linear=0
shrinkage=0.03


Tree=126
num_leaves=7
num_cat=0
split_feature=1 3 23 19 25 28
split_gain=5.5394 6.52836 5.59927 4.26569 3.20492 2.89225
threshold=0.59353386387730434 0.49071944809461238 0.34642745570658134 1.2950310559006215 0.54195804195804198 1.0000000180025095e-35
decision_type=2 2 2 2 2 2
left_child=1 2 3 4 5 -1
right_child=-2 -3 -4 -5 -6 -7
leaf_value=0.029748149421085352 0.014545023068284729 -0.015526247829046417 -0.013292208884811333 -0.013490895151495508 -0.0093111980486064918 0.0013675188211470632
leaf_weight=11.498305915854884 17.179423265391961 23.082143409759738 8.7784871761687082 3.1149860346922642 2.1858548349700859 4.5114724920131257
leaf_count=1981 614 4169 1157 540 371 61
internal_value=0.000673619 -0.00417298 0.00496129 0.0129758 0.018394 0.0227906
internal_weight=70.3507 53.1712 30.0891 21.3106 18.1956 16.0098
internal_count=8893 8279 4110 2953 2413 2042
is_linear=0
shrinkage=0.03


Tree=127
num_leaves=7
num_cat=1
split_feature=14 26 23 24 29 0
split_gain=6.11379 2.76845 2.59225 3.63611 4.14638 3.61995
threshold=0 1.5000000000000002 0.26335122756024681 0.21825396825396828 0.0067543859649122819 777.50000000000011
decision_type=1 2 2 2 2 2
left_child=-1 -2 -3 5 -5 -4
right_child=1 2 3 4 -6 -7
leaf_value=-0.022681707832631157 0.016912432784778022 -0.015503561090204879 0.017831355411944864 -0.0095871196937550515 0.013001069809039055 -0.016759485049706011
leaf_weight=9.7257447878364474 6.4821078160312018 7.8086165105924001 1.6626294821035106 8.5459920786088315 23.80385376047343 11.765128816827199
leaf_count=1753 728 1351 407 1653 1686 1344
internal_value=-0.00286361 0.000972634 -0.00149467 0.00144388 0.00682309 -0.0107201
internal_weight=69.7941 60.0683 53.5862 45.7776 32.3498 13.4278
internal_count=8922 7169 6441 5090 3339 1751
cat_boundaries=0 1
cat_threshold=4
is_linear=0
shrinkage=0.03


Tree=128
num_leaves=7
num_cat=0
split_feature=4 24 29 19 2 26
split_gain=4.73392 3.12491 3.06259 2.73547 2.11424 2.35425
threshold=1.0000000180025095e-35 0.86607142857142871 0.0062659698025551696 1.4342857142857146 328.50000000000006 16.500000000000004
decision_type=2 2 2 2 2 2
left_child=1 -1 -2 4 5 -4
right_child=2 -3 3 -5 -6 -7
leaf_value=-0.010527928295768716 -0.014239788046057538 0.016711406854831863 0.026484397916171902 -0.010516283393476555 -0.0036089410389658536 0.0040381356568627066
leaf_weight=39.25606225838419 3.4519666178384822 2.3887214326532549 10.652153532253587 3.211207994609139 4.1004452720517284 7.5471330496948204
leaf_count=6379 652 173 771 315 317 342
internal_value=-0.00195317 -0.0082713 0.00707891 0.0107891 0.0144702 0.0184975
internal_weight=70.6077 41.6448 28.9629 25.5109 22.2997 18.1993
internal_count=8949 6552 2397 1745 1430 1113
is_linear=0
shrinkage=0.03


Tree=129
num_leaves=7
num_cat=1
split_feature=18 14 16 18 0 0
split_gain=3.30357 3.50992 2.78291 5.39408 4.98987 5.87195
threshold=1.5000000000000002 0 180.45312500000003 7.5000000000000009 3213.5000000000005 4945.5000000000009
decision_type=2 1 2 2 2 2
left_child=1 -1 3 -2 -4 -6
right_child=2 -3 4 -5 5 -7
leaf_value=0.033507109286213692 -0.01455190352126624 -0.0053083156920117986 -0.011451791020367967 0.023957665951676123 0.025700849106231563 -0.005202623748678142
leaf_weight=3.0905825988156712 3.4930140950018522 2.7579173914855346 34.806800342397764 6.9965987673494965 6.8538360055536058 13.374153945129363
leaf_count=286 296 368 5963 124 723 1170
internal_value=9.51203e-05 0.0185149 -0.00204867 0.0108573 -0.00480301 0.00663871
internal_weight=71.3729 5.8485 65.5244 10.4896 55.0348 20.228
internal_count=8930 654 8276 420 7856 1893
cat_boundaries=0 1
cat_threshold=1
is_linear=0
shrinkage=0.03


Tree=130
num_leaves=7
num_cat=0
split_feature=4 0 1 25 2 1
split_gain=4.05515 2.61985 3.37574 3.65502 3.29021 2.93809
threshold=1.5000000000000002 655.50000000000011 0.22773438802002882 0.11805555555555557 328.50000000000006 0.20271224113895817
decision_type=2 2 2 2 2 2
left_child=1 -1 4 -4 5 -3
right_child=-2 2 3 -5 -6 -7
leaf_value=-0.0194890564841767 0.020560241724470289 0.0075687746919039555 -0.018315528715967644 0.0020267571981259945 -0.01475890001119215 0.037169735579146865
leaf_weight=3.5387199161341405 8.3314443915151042 10.886673335451631 8.049913957831448 36.585990567109548 1.7595155732706178 3.1433662495110175
leaf_count=1314 366 1138 1476 3884 321 406
internal_value=0.00312044 0.000294373 0.00204023 -0.00227003 0.0131104 0.0180108
internal_weight=72.2956 63.9642 60.4255 44.6359 15.7896 14.03
internal_count=8905 8539 7225 5360 1865 1544
is_linear=0
shrinkage=0.03


Tree=131
num_leaves=7
num_cat=1
split_feature=14 0 0 2 2 24
split_gain=3.54205 2.99882 5.43944 3.53786 3.54138 4.48666
threshold=0 655.50000000000011 784.50000000000011 320.50000000000006 95.500000000000014 0.58578431372549034
decision_type=1 2 2 2 2 2
left_child=-1 -2 3 4 -3 -6
right_child=1 2 -4 -5 5 -7
leaf_value=-0.013484364945210018 -0.018180528559610644 -0.0023436074716146498 0.0029727381682928414 -0.0089610724198985071 0.064206673550653764 -0.0068209525847523073
leaf_weight=9.663328695576638 2.9769145980244494 1.1464416582603001 54.340823312406428 0.83978713187389065 2.0745276520028715 0.55539091676473606
leaf_count=1742 1105 107 5640 144 192 42
internal_value=0.0017812 0.00451034 0.00621498 0.0319461 0.040996 0.0527399
internal_weight=71.5972 61.9339 58.957 4.61615 3.77636 2.62992
internal_count=8972 7230 6125 485 341 234
cat_boundaries=0 1
cat_threshold=4
is_linear=0
shrinkage=0.03


Tree=132
num_leaves=7
num_cat=0
split_feature=25 25 1 23 29 1
split_gain=3.50809 3.31392 4.6976 3.50684 3.81304 5.99908
threshold=0.21825396825396828 0.51315789473684215 0.633828643875474 0.27979269362663267 0.0067543859649122819 0.36547323443856033
decision_type=2 2 2 2 2 2
left_child=-1 3 -3 -2 -5 -6
right_child=1 2 -4 4 5 -7
leaf_value=-0.0085868598649973399 -0.0055904185915759174 -0.017674389649422258 0.014795002085351831 -0.0044814845648617962 0.034425545629517225 0.0026342867414482132
leaf_weight=20.944643803290091 8.4756392732961086 9.046574915526433 4.4680214482359579 6.0709351982222897 10.931863582809457 9.7114916087593866
leaf_count=3776 1181 1257 84 973 1127 480
internal_value=0.00118264 0.00555686 -0.00641635 0.0102529 0.0153188 0.0210233
internal_weight=69.6492 48.7045 13.5146 35.1899 26.7143 20.6434
internal_count=8878 5102 1341 3761 2580 1607
is_linear=0
shrinkage=0.03


Tree=133
num_leaves=7
num_cat=1
split_feature=14 1 0 1 1 16
split_gain=3.21532 3.92651 2.45681 4.07132 5.37186 8.0291
threshold=0 0.59353386387730434 655.50000000000011 0.21912576589522173 0.21342056011679125 180.45312500000003
decision_type=1 2 2 2 2 2
left_child=1 -1 -2 4 5 -4
right_child=2 -3 3 -5 -6 -7
leaf_value=-0.024022039841055467 -0.018207482703035606 0.012027434397476857 0.031268588645592968 -0.00071443955845491077 0.055009160585175736 -0.010931992733802692
leaf_weight=7.5037822665181011 2.9454662288771933 2.3958143389318138 5.0451695483643526 45.260228628059849 0.81702520023100156 7.8856993437511846
leaf_count=1648 1071 134 98 4714 105 1186
internal_value=-0.000434032 -0.0147425 0.00224186 0.00382604 0.0169664 0.00751611
internal_weight=71.8532 9.8996 61.9536 59.0081 13.7479 12.9309
internal_count=8956 1782 7174 6103 1389 1284
cat_boundaries=0 1
cat_threshold=4
is_linear=0
shrinkage=0.03


Tree=134
num_leaves=7
num_cat=0
split_feature=19 16 9 16 7 18
split_gain=2.8107 2.91831 3.41975 3.37725 5.62755 2.94974
threshold=1.5241935483870972 180.45312500000003 1.0000000180025095e-35 675.45243055555568 1.0000000180025095e-35 4.5000000000000009
decision_type=2 2 2 2 2 2
left_child=1 2 -1 -3 5 -5
right_child=-2 3 -4 4 -6 -7
leaf_value=-0.0099302607203257381 -0.015854767911111539 -0.012157894446584997 0.023981912467303398 0.025328265775123673 -0.012619621688675203 0.0046849177721241487
leaf_weight=2.3486122472677353 5.657608807203359 12.682441794313489 8.4605035670101643 7.4233617428690222 10.66476684832014 22.142575501813553
leaf_count=328 896 2127 94 1061 1527 2897
internal_value=0.00139706 0.00336463 0.0162135 0.000244955 0.00454548 0.0111444
internal_weight=69.3799 63.7223 10.8091 52.9131 40.2307 29.5659
internal_count=8930 8034 422 7612 5485 3958
is_linear=0
shrinkage=0.03


Tree=135
num_leaves=7
num_cat=0
split_feature=0 1 1 1 25 1
split_gain=3.40642 2.24208 3.9046 6.10804 6.1493 3.83613
threshold=655.50000000000011 0.68650496475651146 0.22773438802002882 0.21342056011679125 0.26969696969696971 0.16871857076270746
decision_type=2 2 2 2 2 2
left_child=-1 2 3 5 -5 -2
right_child=1 -3 -4 4 -6 -7
leaf_value=-0.019411080382875503 0.014929205618195137 0.016277206095818016 -0.0026727127689696178 -0.0094437952439753049 0.061102069039218256 -0.013116395287832533
leaf_weight=3.4956208480289197 8.418194518657403 11.414629849139599 39.962062762817368 0.90508638834580724 1.7948957658372817 5.6645620758645228
leaf_count=1323 786 341 5323 170 151 809
internal_value=0.00351597 0.00521163 0.00250733 0.0138129 0.0434982 0.00342006
internal_weight=71.6551 68.1594 56.7448 16.7827 2.69998 14.0828
internal_count=8903 7580 7239 1916 321 1595
is_linear=0
shrinkage=0.03


Tree=136
num_leaves=7
num_cat=0
split_feature=4 2 3 26 0 29
split_gain=4.16317 3.52841 5.05002 2.92586 2.9719 2.77169
threshold=1.0000000180025095e-35 192.50000000000003 0.42501642575558479 17.500000000000004 4107.0000000000009 0.0061184939091915849
decision_type=2 2 2 2 2 2
left_child=1 2 -1 4 -4 -2
right_child=5 -3 3 -5 -6 -7
leaf_value=-0.003666640484159692 -0.012723600529250471 -0.013109477297217986 0.053208250329331658 -0.0043077405452687893 -0.0060639403025160733 0.01233481192526548
leaf_weight=17.542768518324014 2.956703556119467 21.383910205215216 1.4389867379795753 1.2337725211400536 0.49864028673619021 26.635442511178553
leaf_count=2449 571 3592 216 190 93 1843
internal_value=0.000893458 -0.00508654 0.00362084 0.02976 0.0426223 0.00918411
internal_weight=71.6902 42.0981 20.7142 3.1714 1.93763 29.5921
internal_count=8954 6540 2948 499 309 2414
is_linear=0
shrinkage=0.03


Tree=137
num_leaves=7
num_cat=0
split_feature=18 3 29 0 0 17
split_gain=3.84005 3.12346 2.51153 3.52139 12.1417 3.17084
threshold=12.500000000000002 0.70014783180026285 0.012099567099567101 3806.5000000000005 4787.0000000000009 3.5000000000000004
decision_type=2 2 2 2 2 2
left_child=2 -2 3 -1 5 -5
right_child=1 -3 -4 4 -6 -7
leaf_value=-0.013062536765150099 0.025223381899562511 -0.011079274924272513 0.004096836217952063 0.057669264253461527 -0.015194176539514877 -0.0057086441246821766
leaf_weight=25.492352956091054 6.5468945944448915 1.5675386186921967 27.303497330867685 1.7576330571901038 6.0003224321408197 0.46495070378296066
leaf_count=5756 145 64 1491 274 1112 82
internal_value=0.000253858 0.0174064 -0.00250716 -0.00778518 0.00793024 0.0479868
internal_weight=69.1332 8.11443 61.0188 33.7153 8.22291 2.22258
internal_count=8924 209 8715 7224 1468 356
is_linear=0
shrinkage=0.03


Tree=138
num_leaves=7
num_cat=0
split_feature=4 16 0 1 1 18
split_gain=4.45234 3.38578 3.16672 2.7324 6.26691 5.53558
threshold=1.5000000000000002 1180.4284722222226 9148.0000000000018 0.22773438802002882 0.20271224113895817 1.5000000000000002
decision_type=2 2 2 2 2 2
left_child=1 3 -3 4 5 -1
right_child=-2 2 -4 -5 -6 -7
leaf_value=0.030671986295428229 0.016218396676429454 -0.020274789880867686 0.0093434048980974606 -0.0049549220762009566 0.037676234415812616 -0.013573581292345482
leaf_weight=1.4013408991741005 8.6644571255892497 14.786296719918029 2.7810056013986459 30.028987799189053 3.0797246266156426 8.2288193620042858
leaf_count=143 363 2406 132 3957 443 1449
internal_value=-0.0017548 -0.00477481 -0.0151103 -4.09504e-05 0.0106642 -0.00296779
internal_weight=68.9706 60.3062 17.5673 42.7389 12.7099 9.63016
internal_count=8893 8530 2538 5992 2035 1592
is_linear=0
shrinkage=0.03


Tree=139
num_leaves=7
num_cat=0
split_feature=24 29 23 29 5 18
split_gain=2.97048 2.98661 2.23549 2.5469 2.48988 5.40248
threshold=0.83974358974358987 0.0098148148148148161 0.46805477958313024 0.14413663663663664 1.0000000180025095e-35 10.500000000000002
decision_type=2 2 2 2 2 2
left_child=2 -2 4 -4 -1 -6
right_child=1 -3 3 -5 5 -7
leaf_value=0.0054997377692680913 -0.011575342524918607 0.027792786637670378 0.020984071456769903 -0.00902919009805557 -0.013572465928580834 0.010781287655630752
leaf_weight=13.018165442394091 1.2058928308542807 3.5725997474510223 4.6279101137770331 2.6783643579110503 37.216422380064614 8.7572526120347884
leaf_count=1831 204 78 279 37 5986 540
internal_value=-0.00162957 0.0173739 -0.00346791 0.0104057 -0.00547107 -0.00867739
internal_weight=71.0766 4.77849 66.2981 7.30627 58.9918 45.9737
internal_count=8955 282 8673 316 8357 6526
is_linear=0
shrinkage=0.03


Tree=140
num_leaves=7
num_cat=0
split_feature=1 16 1 2 19 24
split_gain=4.02888 4.0212 5.06098 3.6043 3.0336 3.14447
threshold=0.59353386387730434 180.45312500000003 0.20413798726700097 73.500000000000014 0.47076923076923083 0.58114035087719318
decision_type=2 2 2 2 2 2
left_child=1 2 -1 -4 5 -3
right_child=-2 4 3 -5 -6 -7
leaf_value=0.028906991191769711 0.013648058138615873 0.011015451642553444 0.019789717282912154 -0.019830643989977963 -0.012384685220527214 -0.017569398387739504
leaf_weight=5.3177669342840073 16.604296677047387 11.511722343391737 1.2803556651342658 4.0076085191685706 27.146029705298133 2.7224736462812862
leaf_count=170 605 1924 67 279 5381 490
internal_value=0.00164516 -0.00255215 0.0124798 -0.00743931 -0.00680259 0.00405728
internal_weight=68.5903 51.986 10.6057 5.28796 41.3802 14.2342
internal_count=8916 8311 516 346 7795 2414
is_linear=0
shrinkage=0.03


Tree=141
num_leaves=7
num_cat=0
split_feature=0 17 17 0 29 12
split_gain=4.61236 6.52843 3.61338 3.56383 4.18199 4.52975
threshold=3449.0000000000005 3.5000000000000004 4.5000000000000009 4945.5000000000009 0.0085268817204301097 1.0000000180025095e-35
decision_type=2 2 2 2 2 2
left_child=2 3 -1 4 5 -2
right_child=1 -3 -4 -5 -6 -7
leaf_value=-0.008029973026782964 0.073558555594836997 -0.018394664327971266 0.012002868307698379 0.0076402508699754913 0.0058919336537937564 1.7519787496397905e-05
leaf_weight=41.534614955307916 1.1829917086288397 3.5542288848664603 8.0989011239726079 11.798205016413702 3.1458843294531107 0.988962564151734
leaf_count=6335 167 390 576 1094 246 148
internal_value=0.00054486 0.0118111 -0.00442282 0.0193518 0.0361456 0.056134
internal_weight=70.3038 20.6703 49.6335 17.116 5.31784 2.17195
internal_count=8956 2045 6911 1655 561 315
is_linear=0
shrinkage=0.03


Tree=142
num_leaves=7
num_cat=1
split_feature=18 14 1 3 6 18
split_gain=2.45017 2.51593 2.40631 2.37786 4.08792 3.14839
threshold=1.5000000000000002 0 0.8050530291546617 0.86577420061322818 1.0000000180025095e-35 16.500000000000004
decision_type=2 1 2 2 2 2
left_child=1 -1 -3 5 -5 -2
right_child=3 2 -4 4 -6 -7
leaf_value=0.026726468746738077 -0.0070221549449579869 -0.016866846932668982 0.021168701980638374 -0.017423105999893846 0.023138206011486716 0.016494222584838281
leaf_weight=3.4231095507275304 52.407407235703431 2.428394586895593 0.32573485933244217 1.5547381984069941 5.1721799724036819 3.7604107451625159
leaf_count=285 7262 345 7 166 837 36
internal_value=-0.000894117 0.0146113 -0.0053554 -0.00282037 0.0119191 -0.00493475
internal_weight=69.072 6.17724 2.75413 62.8947 6.72692 56.1678
internal_count=8938 637 352 8301 1003 7298
cat_boundaries=0 1
cat_threshold=1
is_linear=0
shrinkage=0.03


Tree=143
num_leaves=7
num_cat=0
split_feature=19 25 26 24 28 28
split_gain=2.68478 3.87654 3.26268 2.63285 4.60961 3.54913
threshold=0.55397727272727282 0.11805555555555557 23.500000000000004 0.30384615384615393 1.5000000000000002 2.5000000000000004
decision_type=2 2 2 2 2 2
left_child=2 -2 -1 5 -5 -3
right_child=1 3 -4 4 -6 -7
leaf_value=0.015264190670279568 -0.022716073490857212 0.013983818467163144 -0.0063858626511762492 -0.014294765844919092 0.013795390406818981 -0.020767070781492827
leaf_weight=17.568718177964914 5.692592511419206 14.816874999552967 7.8641604002332306 15.317136700497942 5.7310480196028939 1.3168973140418518
leaf_count=2209 1359 2179 975 2103 53 10
internal_value=0.00122824 -0.00332828 0.00859223 0.00064801 -0.00611291 0.00916973
internal_weight=68.3074 42.8745 25.4329 37.182 21.0482 16.1338
internal_count=8888 5704 3184 4345 2156 2189
is_linear=0
shrinkage=0.03


Tree=144
num_leaves=7
num_cat=0
split_feature=4 19 1 23 20 19
split_gain=2.68785 2.15977 2.7918 2.35379 4.29953 2.25278
threshold=1.5000000000000002 0.55397727272727282 0.21912576589522173 0.44349962930048109 0.73214285714285732 0.52557544757033259
decision_type=2 2 2 2 2 2
left_child=1 2 -1 -3 -5 -4
right_child=-2 3 5 4 -6 -7
leaf_value=0.021330953006321252 0.016106826451763274 -0.00772579515885536 -0.0048368737428882615 -0.0049652508272377081 0.041054534710119432 0.021814226603576185
leaf_weight=5.8204408276360509 8.1969512621872109 33.374834440415725 14.995816495502368 4.3970819750102228 0.74763347103726108 1.4312983558047569
leaf_count=984 352 5158 1936 241 70 111
internal_value=0.00185225 -0.00052252 0.00657641 -0.00474485 0.0113426 -0.000399167
internal_weight=68.9641 60.7671 22.2476 38.5195 5.14472 16.4271
internal_count=8852 8500 3031 5469 311 2047
is_linear=0
shrinkage=0.03


Tree=145
num_leaves=7
num_cat=0
split_feature=5 20 23 19 23 19
split_gain=2.56429 3.69607 3.32591 2.90763 2.81139 3.18851
threshold=1.0000000180025095e-35 0.88194444444444453 0.46805477958313024 1.1180555555555558 0.37163197646297635 1.2950310559006215
decision_type=2 2 2 2 2 2
left_child=1 3 4 -1 5 -2
right_child=2 -3 -4 -5 -6 -7
leaf_value=0.0050462355887104828 0.001944192724028383 -0.0094244574411535258 0.015603328857994855 0.03519246353860362 -0.019841916582040237 -0.019536221355952507
leaf_weight=7.829932074411774 31.502554259612225 4.9831858506659037 5.3401922972407183 3.4669881023000926 8.5754091825801861 5.6661334933014578
leaf_count=912 4608 618 245 449 1081 991
internal_value=-5.40424e-05 0.00963825 -0.00338964 0.0181998 -0.00616764 -0.0021607
internal_weight=67.3644 16.2801 51.0843 11.2969 45.7441 37.1687
internal_count=8904 1979 6925 1361 6680 5599
is_linear=0
shrinkage=0.03


Tree=146
num_leaves=7
num_cat=0
split_feature=0 19 23 26 2 0
split_gain=2.81291 2.58124 2.84135 2.48331 3.32981 4.83219
threshold=680.50000000000011 1.3440860215053765 0.37050611924379689 1.5000000000000002 256.50000000000006 3654.5000000000005
decision_type=2 2 2 2 2 2
left_child=-1 3 -3 -2 -5 -6
right_child=1 2 -4 4 5 -7
leaf_value=-0.0198351896160163 0.020171853065956282 -0.020963466083185441 0.0086624414112224535 0.0073564960729362132 -0.016837611545588219 0.014486324658576223
leaf_weight=3.7869020125363013 5.8410291969776145 6.195991230895741 3.1374917984940112 33.37189556111116 13.015418044291438 4.5350934203015631
leaf_count=1447 512 992 281 3413 1877 428
internal_value=0.000252206 0.00195183 -0.0112334 0.00442838 0.00192846 -0.00808952
internal_weight=69.8838 66.0969 9.33348 56.7634 50.9224 17.5505
internal_count=8950 7503 1273 6230 5718 2305
is_linear=0
shrinkage=0.03


Tree=147
num_leaves=7
num_cat=0
split_feature=0 0 16 0 29 19
split_gain=3.38706 4.62862 3.33023 5.0227 7.50119 5.46453
threshold=680.50000000000011 758.50000000000011 180.45312500000003 3654.5000000000005 0.0085268817204301097 0.67948717948717952
decision_type=2 2 2 2 2 2
left_child=-1 -2 -3 -4 5 -5
right_child=1 2 3 4 -6 -7
leaf_value=-0.020161634191215066 0.030121333234328643 0.014118726637366356 -0.0093163038314168153 0.047745773878659616 -0.0047153710656785697 -0.0032280914769252855
leaf_weight=3.9175877295201635 3.4222826857585451 12.050056509324348 32.015560275642201 3.773569930810484 12.164721612585707 2.4602346076862887
leaf_count=1475 369 449 4799 566 754 478
internal_value=0.00167068 0.00352456 0.00117807 -0.00233574 0.00953371 0.0317308
internal_weight=69.804 65.8864 62.4641 50.4141 18.3985 6.2338
internal_count=8890 7415 7046 6597 1798 1044
is_linear=0
shrinkage=0.03


Tree=148
num_leaves=7
num_cat=0
split_feature=0 0 2 2 16 20
split_gain=2.88794 4.21142 2.8903 3.24517 4.3038 5.33354
threshold=655.50000000000011 784.50000000000011 318.50000000000006 95.500000000000014 480.16944444444454 0.88194444444444453
decision_type=2 2 2 2 2 2
left_child=-1 2 3 -2 -5 -6
right_child=1 -3 -4 4 5 -7
leaf_value=-0.018951056263495879 -0.0037557135876828984 0.0015089301735469161 -0.0093213799215647059 -0.0033080100513884557 0.072941008483049491 -0.0067036722020546108
leaf_weight=3.2883018220309159 1.2976971617899824 61.884146069409326 0.89004614099394519 1.0805363657418641 1.4884661524556579 0.56783426390029479
leaf_count=1348 134 6999 171 64 159 75
internal_value=0.00253667 0.00410527 0.0256292 0.033361 0.0441999 0.0584864
internal_weight=70.497 67.2087 5.32458 4.43453 3.13684 2.0563
internal_count=8950 7602 603 432 298 234
is_linear=0
shrinkage=0.03


Tree=149
num_leaves=7
num_cat=1
split_feature=14 23 1 19 24 23
split_gain=2.50432 3.0323 4.61014 6.61565 5.68064 4.78189
threshold=0 0.37163197646297635 0.33430050877934414 0.47076923076923083 0.53589743589743599 0.26335122756024681
decision_type=1 2 2 2 2 2
left_child=-1 2 3 4 5 -2
right_child=1 -3 -4 -5 -6 -7
leaf_value=-0.011649865585802438 0.0087882703500010376 -0.0063299422216843452 -0.002553345218606395 0.0047525468086507252 -0.0060843581927954027 0.068573705483241279
leaf_weight=8.9131049527786672 2.553399903583343 16.783296829089522 19.570015066303313 16.342082865769044 1.6271058925194664 2.5552502878708765
leaf_count=1741 337 1400 2119 2539 247 496
internal_value=0.00165445 0.00396406 0.00811717 0.0166478 0.0378122 0.0495716
internal_weight=68.3443 59.4312 42.6479 23.0778 6.73576 5.10865
internal_count=8879 7138 5738 3619 1080 833
cat_boundaries=0 1
cat_threshold=4
is_linear=0
shrinkage=0.03


Tree=150
num_leaves=7
num_cat=0
split_feature=0 12 19 28 25 23
split_gain=3.45057 2.87075 3.08722 2.30916 2.23653 3.11155
threshold=680.50000000000011 1.5000000000000002 1.0467391304347828 2.5000000000000004 0.087121212121212141 0.12861209406441076
decision_type=2 2 2 2 2 2
left_child=-1 4 3 -3 5 -2
right_child=1 2 -4 -5 -6 -7
leaf_value=-0.019932589380019305 0.013723373739610014 -0.026275332429696211 0.01380367449852953 0.010341177544639622 0.009305670957060478 -0.015461050876174715
leaf_weight=3.7974601015448561 3.340376479784025 5.2567742516985154 1.8440268285339696 0.81611371226608742 47.336042922106571 6.9489399545127526
leaf_count=1464 265 599 176 7 4998 1380
internal_value=0.00238274 0.00422761 -0.0109399 -0.0200117 0.00660848 -0.00529501
internal_weight=69.3397 65.5423 7.91691 6.07289 57.6254 10.2893
internal_count=8889 7425 782 606 6643 1645
is_linear=0
shrinkage=0.03


Tree=151
num_leaves=7
num_cat=0
split_feature=1 3 25 23 29 29
split_gain=3.98678 5.14123 3.11937 4.73042 4.17764 4.02394
threshold=0.68650496475651146 0.74394984669294795 0.21825396825396828 0.27979269362663267 0.15780193236714976 0.0067543859649122819
decision_type=2 2 2 2 2 2
left_child=2 -2 -1 -4 5 -5
right_child=1 -3 3 4 -6 -7
leaf_value=-0.012849783672252214 -0.00057546723252776698 0.037685080441892047 -0.01562121297001203 -0.0078011653596399173 -0.017262151593256839 0.017402411284539142
leaf_weight=18.199316426820587 7.6045781930442882 3.3385028494521976 8.9051847413647902 6.2985324019100579 3.592830210691317 20.813001684960909
leaf_count=3691 249 98 1507 1228 58 2059
internal_value=2.06985e-05 0.0151166 -0.00324685 0.00157095 0.00720756 0.0114134
internal_weight=68.7519 10.9431 57.8089 39.6095 30.7044 27.1115
internal_count=8890 347 8543 4852 3345 3287
is_linear=0
shrinkage=0.03


Tree=152
num_leaves=7
num_cat=0
split_feature=4 2 2 12 0 8
split_gain=3.38546 2.71445 5.61402 3.112 3.10997 2.58819
threshold=1.0000000180025095e-35 192.50000000000003 124.50000000000001 1.0000000180025095e-35 4536.5000000000009 1.0000000180025095e-35
decision_type=2 2 2 2 2 2
left_child=1 2 3 -1 -4 -2
right_child=5 -3 4 -5 -6 -7
leaf_value=-0.017932396655937405 0.013393091720923929 -0.011930670269526957 0.028752142700652523 0.0088185782231169439 -0.0089197094730283834 -0.0056812575057186114
leaf_weight=8.6162298433482665 21.639650835306387 20.040664201311301 6.0237407891545436 4.6712863318389273 1.5741692652227355 7.4874003197764969
leaf_count=1194 1631 3614 863 681 212 736
internal_value=0.000930199 -0.00455862 0.00293969 -0.00860461 0.0207148 0.00843985
internal_weight=70.0531 40.9261 20.8854 13.2875 7.59791 29.1271
internal_count=8931 6564 2950 1875 1075 2367
is_linear=0
shrinkage=0.03


Tree=153
num_leaves=7
num_cat=1
split_feature=0 14 0 0 2 18
split_gain=2.57086 2.04601 2.8037 2.75371 2.6385 4.28359
threshold=655.50000000000011 0 4450.5000000000009 4945.5000000000009 313.50000000000006 4.5000000000000009
decision_type=2 1 2 2 2 2
left_child=-1 2 -2 -4 5 -3
right_child=1 4 3 -5 -6 -7
leaf_value=-0.018473095162371406 -0.018183552132646507 0.02179301589611822 0.034600763505521742 -0.0082888722595392938 -0.0065621489102624031 0.002576688168227603
leaf_weight=3.0821726102149105 5.9770193172153085 13.535516504780388 0.44659195933491025 1.6953378045000134 11.214078992605208 33.830018494743854
leaf_count=1330 1172 1377 37 251 1532 3141
internal_value=0.00221878 0.00368492 -0.00899568 0.0130431 0.00568138 0.00872853
internal_weight=69.7807 66.6986 8.11895 2.14193 58.5796 47.3655
internal_count=8840 7510 1460 288 6050 4518
cat_boundaries=0 1
cat_threshold=4
is_linear=0
shrinkage=0.03


Tree=154
num_leaves=7
num_cat=0
split_feature=23 18 5 0 29 9
split_gain=3.20784 3.7678 5.65723 4.48155 5.35169 3.84775
threshold=0.46805477958313024 10.500000000000002 1.0000000180025095e-35 3806.5000000000005 0.0062659698025551696 1.0000000180025095e-35
decision_type=2 2 2 2 2 2
left_child=1 2 -1 -4 -5 -3
right_child=-2 5 3 4 -6 -7
leaf_value=0.011987567381651621 0.017040628022174525 -0.0091155988237988754 -0.016270421967976095 0.036642732252274858 -0.0056717895218242852 0.02386500691872407
leaf_weight=11.479507515206931 7.3693581419065586 3.5898954843869415 29.189357877417933 1.5964967955369491 9.1292594975093362 7.0385823057731614
leaf_count=1713 341 618 4937 303 942 52
internal_value=0.000661071 -0.00175662 -0.00519181 -0.0104688 0.00539557 0.013046
internal_weight=69.3925 62.0231 51.3946 39.9151 10.7258 10.6285
internal_count=8906 8565 7895 6182 1245 670
is_linear=0
shrinkage=0.03


Tree=155
num_leaves=7
num_cat=1
split_feature=1 14 1 1 19 16
split_gain=3.8716 3.0445 3.04193 2.64889 6.12575 3.39419
threshold=0.68650496475651146 0 0.89996769789158659 0.21912576589522173 0.39354838709677425 180.45312500000003
decision_type=2 1 2 2 2 2
left_child=1 -1 -2 4 -3 -6
right_child=2 3 -4 -5 5 -7
leaf_value=-0.017194336782813801 0.022722045922421517 0.036444096436353907 -0.012288922426130916 -0.0027977369653491724 0.015114579574003584 -0.01404058766138826
leaf_weight=7.1225838788086548 9.4491768581792694 3.7951758055714881 1.4282939217519004 36.346308481297456 4.359650743310338 6.2907597234589048
leaf_count=1672 277 577 68 4647 136 1504
internal_value=0.00204536 -0.00122213 0.0169302 0.00158421 0.011609 -0.0016034
internal_weight=68.7919 57.9145 10.8775 50.7919 14.4456 10.6504
internal_count=8881 8536 345 6864 2217 1640
cat_boundaries=0 1
cat_threshold=4
is_linear=0
shrinkage=0.03


Tree=156
num_leaves=7
num_cat=0
split_feature=23 24 2 24 3 24
split_gain=3.06677 2.21348 2.4575 3.79235 2.25735 2.84548
threshold=0.46805477958313024 0.83974358974358987 575.50000000000011 0.32051282051282054 0.21695685501533071 0.63397129186602885
decision_type=2 2 2 2 2 2
left_child=1 2 4 -4 5 -1
right_child=-2 -3 3 -5 -6 -7
leaf_value=-0.0049113250675745391 0.014149585857546495 0.013581403511444382 0.03445024496272335 -0.012171517067070469 -0.011292076689672201 0.021338270411390602
leaf_weight=12.934904477326198 7.23178943817038 3.817608736222609 1.3586196408141398 1.5115064026322214 39.028034590824973 2.9633391946554175
leaf_count=1549 321 251 253 249 6041 182
internal_value=-0.00209089 -0.004382 -0.0059831 0.0149821 -0.0075665 0.00181911
internal_weight=68.8458 61.614 57.7964 2.87013 54.9263 15.8982
internal_count=8846 8525 8274 502 7772 1731
is_linear=0
shrinkage=0.03


Tree=157
num_leaves=7
num_cat=1
split_feature=0 12 1 5 1 14
split_gain=3.37729 2.83663 3.97613 4.20489 3.62311 3.56471
threshold=703.50000000000011 1.5000000000000002 0.21912576589522173 1.0000000180025095e-35 0.68650496475651146 0
decision_type=2 2 2 2 2 1
left_child=-1 2 5 -4 -5 -2
right_child=1 -3 3 4 -6 -7
leaf_value=-0.02100475297015825 -0.013305416550290423 -0.013782964755065788 0.013919575724372718 -0.011291042848429423 0.010800624077638207 0.023394429699475625
leaf_weight=4.4588517492520614 1.5483850172022358 7.218634092831052 11.288758330978451 24.745926461182538 7.1547970676328978 11.064434136613269
leaf_count=1569 303 776 1141 3736 234 1170
internal_value=-0.000323007 0.00174135 0.004157 -0.000401377 -0.00599137 0.0176846
internal_weight=67.4798 63.0209 55.8023 43.1895 31.9007 12.6128
internal_count=8929 7360 6584 5111 3970 1473
cat_boundaries=0 1
cat_threshold=4
is_linear=0
shrinkage=0.03


Tree=158
num_leaves=7
num_cat=0
split_feature=1 3 1 1 16 25
split_gain=2.2859 4.62997 3.5546 7.30885 6.674 3.89983
threshold=0.68650496475651146 0.74394984669294795 0.22773438802002882 0.21085818173470225 180.45312500000003 0.26969696969696971
decision_type=2 2 2 2 2 2
left_child=2 -2 3 4 -1 -5
right_child=1 -3 -4 5 -6 -7
leaf_value=0.021415006819084464 -0.0030914646602277422 0.033142314183974848 -0.0076981604869477537 -0.0032825310392377775 -0.015327128945212863 0.051230197103612193
leaf_weight=4.8595377109013524 7.4136104863136989 3.182843389455229 39.891591768187936 1.3233052447903895 10.745384843496138 2.2231888726819307
leaf_count=171 245 97 5553 241 2407 216
internal_value=-0.00031862 0.0113262 -0.00271113 0.00742233 -0.00275225 0.0370407
internal_weight=69.6395 10.5965 59.043 19.1514 15.6049 3.54649
internal_count=8930 342 8588 3035 2578 457
is_linear=0
shrinkage=0.03


Tree=159
num_leaves=7
num_cat=1
split_feature=25 19 0 19 25 14
split_gain=3.53683 3.05341 3.02722 2.95186 2.76359 3.48634
threshold=0.087121212121212141 0.34313725490196084 680.50000000000011 1.2950310559006215 0.5590277777777779 0
decision_type=2 2 2 2 2 1
left_child=1 -1 -2 4 -4 -6
right_child=2 -3 3 -5 5 -7
leaf_value=0.0041671347767672177 -0.01781139490993492 -0.023176254024830367 0.014018205370160526 -0.0075934661239025454 0.0097239769276075954 -0.019517761917115312
leaf_weight=5.7332549639977497 2.8044962689746162 6.1775303616304882 36.059496884932742 8.6596534524578583 7.0463796231197193 4.2100066767306981
leaf_count=723 1120 1461 3715 1075 316 541
internal_value=0.00242768 -0.0113077 0.00549142 0.00723311 0.0101445 -0.00250737
internal_weight=70.6908 11.9108 58.78 55.9755 47.3159 11.2564
internal_count=8951 2184 6767 5647 4572 857
cat_boundaries=0 1
cat_threshold=2
is_linear=0
shrinkage=0.03


Tree=160
num_leaves=7
num_cat=0
split_feature=4 25 23 8 26 3
split_gain=3.13145 3.14928 2.62609 2.57306 2.95569 3.45607
threshold=1.0000000180025095e-35 0.51315789473684215 0.46805477958313024 1.0000000180025095e-35 16.500000000000004 0.38942728865527815
decision_type=2 2 2 2 2 2
left_child=1 2 -1 4 5 -2
right_child=3 -3 -4 -5 -6 -7
leaf_value=-0.0028807047992848974 0.038000565463109558 -0.020132891855837585 0.021700043734598624 -0.0057803780789927378 0.00060137904019854044 0.0054570664498836295
leaf_weight=30.435378719703294 4.7252201186493092 6.7770674609346306 2.4481421022210261 7.1848292438080525 9.4457073920639214 6.632619830663316
leaf_count=5351 360 962 174 730 738 516
internal_value=0.00118943 -0.00416748 8.85268e-05 0.00855206 0.0135748 0.0226587
internal_weight=67.649 39.6606 32.8835 27.9884 20.8035 11.3578
internal_count=8831 6487 5525 2344 1614 876
is_linear=0
shrinkage=0.03


Tree=161
num_leaves=7
num_cat=0
split_feature=0 0 24 29 24 25
split_gain=2.46691 2.51486 2.79044 2.8464 2.77374 3.00674
threshold=655.50000000000011 784.50000000000011 0.76696832579185525 0.0071246246246246259 0.5590277777777779 0.087121212121212141
decision_type=2 2 2 2 2 2
left_child=-1 -2 4 -4 5 -3
right_child=1 2 3 -5 -6 -7
leaf_value=-0.017767876770478155 0.021184392205212583 -0.01137278802343567 -0.01111608171907652 0.026594732406799132 -0.012304797880272439 0.0072701281370264161
leaf_weight=2.8040605083224355 5.3566402286523944 7.9533896655775598 1.1665028432616953 5.158326611854136 10.868414500146171 35.209453874616884
leaf_count=1334 614 1448 264 117 1028 4085
internal_value=0.00318561 0.00457812 0.00247211 0.01864 -1.82672e-05 0.00348339
internal_weight=68.5168 65.7127 60.3561 6.32483 54.0313 43.1628
internal_count=8890 7556 6942 381 6561 5533
is_linear=0
shrinkage=0.03


Tree=162
num_leaves=7
num_cat=0
split_feature=1 1 18 16 24 8
split_gain=3.22811 2.49078 2.4215 2.61721 3.92589 3.90941
threshold=0.59353386387730434 0.89996769789158659 16.500000000000004 662.11805555555577 0.86607142857142871 1.0000000180025095e-35
decision_type=2 2 2 2 2 2
left_child=2 -2 3 4 -1 -5
right_child=1 -3 -4 5 -6 -7
leaf_value=-0.016064519566037352 0.016495063100320843 -0.01314621034317085 0.017825372076803576 0.0094125590118827405 0.016953215290190501 -0.013010824554169697
leaf_weight=17.346985648560807 16.418983202194799 1.4444562490098167 3.4754549437202504 20.503238290490117 2.1969072794308877 8.2077795093064214
leaf_count=2650 553 67 36 3820 98 1641
internal_value=0.00273062 0.0130159 -0.00117337 -0.00319665 -0.0111238 0.00257241
internal_weight=69.5938 17.8634 51.7304 48.2549 19.5439 28.711
internal_count=8865 620 8245 8209 2748 5461
is_linear=0
shrinkage=0.03


Tree=163
num_leaves=7
num_cat=1
split_feature=1 3 3 14 2 3
split_gain=3.94942 4.02869 2.28704 2.43669 3.28973 6.27061
threshold=0.68650496475651146 0.74394984669294795 0.04174879544459046 0 120.50000000000001 0.35931340341655721
decision_type=2 2 2 1 2 2
left_child=2 -2 -1 -4 -5 -6
right_child=1 -3 3 4 5 -7
leaf_value=0.018505631016588635 0.00035212077254145559 0.034745876749934332 -0.019849493301109539 -0.01376100719470744 0.027446861153460463 -0.0033458570679365976
leaf_weight=2.0135932736448003 7.3487962409853917 3.3097985838539898 6.5724180926918052 13.717178588558452 5.3760930006974368 29.21478451078292
leaf_count=286 239 97 1597 1620 535 4446
internal_value=-0.000379171 0.0148346 -0.00363632 -0.00507084 -0.00235099 0.00267855
internal_weight=67.5527 10.6586 56.8941 54.8805 48.3081 34.5909
internal_count=8820 336 8484 8198 6601 4981
cat_boundaries=0 1
cat_threshold=4
is_linear=0
shrinkage=0.03


Tree=164
num_leaves=7
num_cat=1
split_feature=11 17 29 29 23 26
split_gain=3.4125 3.63685 6.09675 4.21127 3.40519 3.38867
threshold=0 2.5000000000000004 0.0085268817204301097 0.025457142857142862 0.3124767995503846 1.0000000180025095e-35
decision_type=1 2 2 2 2 2
left_child=1 2 -1 -3 5 -2
right_child=4 3 -4 -5 -6 -7
leaf_value=0.041168318312926881 0.0095967660510621906 -0.020562225357865546 0.0012207437501779764 0.016044110615552654 0.001526461010924356 -0.019529532577458149
leaf_weight=4.7210142536787334 3.1847976605640751 4.1632822850369839 7.2994884490617551 3.3088724002009258 27.813618293846957 16.208901342411991
leaf_count=913 341 931 720 59 2978 3032
internal_value=-0.000201663 0.00782692 0.0205446 -0.00438703 -0.00439717 -0.0142965
internal_weight=66.7 19.4927 12.0205 7.47215 47.2073 19.3937
internal_count=8974 2623 1633 990 6351 3373
cat_boundaries=0 1
cat_threshold=24
is_linear=0
shrinkage=0.03


Tree=165
num_leaves=7
num_cat=0
split_feature=25 0 0 16 20 12
split_gain=3.16596 2.71853 2.82783 3.29136 2.75613 2.38684
threshold=0.5590277777777779 655.50000000000011 758.50000000000011 750.77465277777787 0.86607142857142871 1.5000000000000002
decision_type=2 2 2 2 2 2
left_child=1 -1 3 -3 -5 -4
right_child=-2 2 5 4 -6 -7
leaf_value=-0.01660138974504179 -0.0089030069078752834 -0.0046521524073309169 0.0082290507030134737 0.052304038176175564 -0.0057415070713975717 -0.010398062535105402
leaf_weight=2.3865659097791641 12.841354753589256 1.404737199423834 42.856368711451069 1.6305746634025129 0.46841623610816885 5.4349829772254443
leaf_count=1101 1236 155 5436 171 76 653
internal_value=0.00357478 0.00674375 0.00839664 0.0290498 0.0428694 0.00580251
internal_weight=67.023 54.1816 51.7951 3.50373 2.09899 48.2914
internal_count=8828 7592 6491 402 247 6089
is_linear=0
shrinkage=0.03


Tree=166
num_leaves=7
num_cat=1
split_feature=1 0 14 5 8 20
split_gain=2.777 3.65398 3.17643 2.86525 2.68476 4.86943
threshold=0.26952726863733817 655.50000000000011 0 1.0000000180025095e-35 1.0000000180025095e-35 0.81666666666666676
decision_type=2 2 1 2 2 2
left_child=1 -1 -3 -2 5 -4
right_child=3 2 4 -5 -6 -7
leaf_value=-0.017337631840168705 0.008017121420630182 -0.011698595021492408 0.03446777956186322 -0.0085430266769022795 -0.00087284051668851299 -0.00033294422682517231
leaf_weight=2.6431452947435927 11.255023800535126 2.8538677329197526 8.6591653520008602 31.75370454241056 5.7665388145251191 5.421023730072192
leaf_count=1257 1042 593 1067 3680 715 553
internal_value=0.000551108 0.00807729 0.0122007 -0.0040457 0.0163937 0.0226942
internal_weight=68.3525 25.3437 22.7006 43.0087 19.8467 14.0802
internal_count=8907 4185 2928 4722 2335 1620
cat_boundaries=0 1
cat_threshold=4
is_linear=0
shrinkage=0.03


Tree=167
num_leaves=7
num_cat=0
split_feature=4 3 3 16 19 29
split_gain=2.77772 2.67423 3.3092 3.5919 2.82432 3.97588
threshold=1.5000000000000002 0.75626916338151562 0.52630858519491908 1080.2166666666669 0.40689655172413797 0.010616666666666668
decision_type=2 2 2 2 2 2
left_child=1 2 3 -1 -3 -6
right_child=-2 4 -4 -5 5 -7
leaf_value=0.0057410498452257616 0.014277730874073842 0.024719556455425434 -0.018703679318751904 -0.013307553909069734 -0.019948879185041565 0.014973407184167242
leaf_weight=23.758080427593086 8.5266817754600179 4.0488224915461597 10.894770437211262 11.630018950672818 3.6464234152808785 4.1346793301636353
leaf_count=2857 369 567 2012 1662 1036 416
internal_value=6.34494e-05 -0.0024278 -0.00568905 -0.000896108 0.0093089 -0.00212479
internal_weight=66.6395 58.1128 46.2829 35.3881 11.8299 7.7811
internal_count=8919 8550 6531 4519 2019 1452
is_linear=0
shrinkage=0.03


Tree=168
num_leaves=7
num_cat=0
split_feature=2 16 16 25 0 24
split_gain=2.47835 3.45269 4.30424 4.94349 4.08497 3.91333
threshold=116.50000000000001 668.53819444444446 757.08125000000007 0.21825396825396828 1143.5000000000002 0.30384615384615393
decision_type=2 2 2 2 2 2
left_child=-1 -2 3 -3 5 -4
right_child=1 2 4 -5 -6 -7
leaf_value=-0.0073121199850827313 -0.0059071683961624153 -0.0092180023033779854 0.039718485504736938 0.054041549307720795 -0.0010821514399582473 -0.0015104175082014315
leaf_weight=20.431240275793243 16.473704708449077 0.86890869517810942 3.147523638559508 1.6565344681730492 21.904546464327723 3.2316606919630431
leaf_count=2360 2201 196 783 190 2366 817
internal_value=0.00098536 0.00472199 0.0104191 0.0378215 0.00563608 0.0234569
internal_weight=67.7141 47.2829 30.8092 2.52544 28.2837 6.37918
internal_count=8913 6553 4352 386 3966 1600
is_linear=0
shrinkage=0.03


Tree=169
num_leaves=7
num_cat=0
split_feature=26 2 18 1 2 3
split_gain=2.53243 3.20209 3.53524 2.26832 2.20482 2.85818
threshold=1.5000000000000002 256.50000000000006 12.500000000000002 0.55747392517278527 118.50000000000001 0.35931340341655721
decision_type=2 2 2 2 2 2
left_child=-1 2 4 -3 -2 -6
right_child=1 3 -4 -5 5 -7
leaf_value=0.014487890194327457 -0.0089138610839978021 -0.017555783188739293 0.021264840377482986 0.0025443878688147094 0.020859928556371195 -0.002192158238899955
leaf_weight=8.0299499036045727 15.108016443497034 13.051566247653684 5.8868449286092064 6.9212171755498266 5.2555537701118764 13.572508542391004
leaf_count=906 2112 2956 124 302 616 1953
internal_value=0.000518388 -0.00176575 0.00316637 -0.0109928 -0.000981898 0.00562764
internal_weight=67.8257 59.7957 39.8229 19.9728 33.9361 18.8281
internal_count=8969 8063 4805 3258 4681 2569
is_linear=0
shrinkage=0.03


Tree=170
num_leaves=7
num_cat=0
split_feature=24 18 0 26 3 2
split_gain=2.99334 2.37015 3.92611 2.44246 2.14758 2.50326
threshold=0.86607142857142871 5.5000000000000009 2581.5000000000005 7.5000000000000009 0.89588808585194923 256.50000000000006
decision_type=2 2 2 2 2 2
left_child=1 2 -1 -4 5 -3
right_child=-2 4 3 -5 -6 -7
leaf_value=-0.021175593004898848 0.018675536176785176 0.0020900278168344867 0.012573260352222448 -0.012255042604909209 0.018000256406139357 -0.014749426933132755
leaf_weight=14.267155101231767 3.2034217154141507 26.574009541480336 6.1774232598254439 4.3582056658342481 3.0902511190506621 9.1030993919121084
leaf_count=2550 226 3032 582 495 435 1591
internal_value=-0.00341427 -0.0050631 -0.011923 0.00198608 -0.000304608 -0.00276146
internal_weight=66.7736 63.5701 24.8028 10.5356 38.7674 35.6771
internal_count=8911 8685 3627 1077 5058 4623
is_linear=0
shrinkage=0.03


Tree=171
num_leaves=7
num_cat=0
split_feature=4 19 2 2 0 1
split_gain=2.22387 2.55966 4.74324 4.30514 2.99842 5.69448
threshold=1.5000000000000002 0.55397727272727282 192.50000000000003 220.50000000000003 1469.5000000000002 0.35287646562052949
decision_type=2 2 2 2 2 2
left_child=1 3 4 -1 5 -3
right_child=-2 2 -4 -5 -6 -7
leaf_value=-0.0050552988256322541 0.014140517662043592 -0.00063149882991296331 -0.015988031732830962 0.019271489071517888 -0.0054177510267963786 0.043985498591856867
leaf_weight=12.006956073222684 9.1558671526145172 6.8481359939905833 17.046963438333478 10.865185713220852 11.438409618684089 2.0727153277257457
leaf_count=1594 374 949 3093 1469 1249 226
internal_value=0.00183519 -0.000427992 -0.00517118 0.0071213 0.00450582 0.0158919
internal_weight=69.4342 60.2784 37.4062 22.8721 20.3593 8.92085
internal_count=8954 8580 5517 3063 2424 1175
is_linear=0
shrinkage=0.03


Tree=172
num_leaves=7
num_cat=0
split_feature=4 5 20 23 23 18
split_gain=2.67636 2.52907 4.36346 3.7564 5.66014 2.69609
threshold=1.5000000000000002 1.0000000180025095e-35 0.68333333333333346 0.31107180654755312 0.37281720022641157 13.500000000000002
decision_type=2 2 2 2 2 2
left_child=1 2 3 -1 -5 -3
right_child=-2 5 -4 4 -6 -7
leaf_value=-0.0038693796405851427 0.014193002686760213 -0.0078771052423363668 -0.011553363183007743 0.050827753935049597 -0.0013733812041906808 0.012359763347011306
leaf_weight=3.6938614291138929 9.0334574878215772 41.121331431379076 4.9398169949417925 2.8551045611384325 2.87333309056703 5.0428070545895016
leaf_count=555 361 6656 683 335 275 99
internal_value=0.00058476 -0.00183527 0.00842624 0.0190898 0.0310646 -0.00524506
internal_weight=69.5597 60.5263 14.3621 9.4223 5.72844 46.1641
internal_count=8964 8603 1848 1165 610 6755
is_linear=0
shrinkage=0.03


Tree=173
num_leaves=7
num_cat=1
split_feature=11 4 29 16 29 1
split_gain=2.54957 3.98045 4.9802 3.55777 2.92791 2.90793
threshold=0 1.0000000180025095e-35 0.0071246246246246259 662.11805555555577 0.0061184939091915849 0.68650496475651146
decision_type=1 2 2 2 2 2
left_child=1 2 3 -1 -3 -2
right_child=5 4 -4 -5 -6 -7
leaf_value=-0.01208374418765242 -0.010186557805137372 -0.012488712141088541 -0.010546249186488905 0.029802129135763966 0.020815411455460717 0.01200259643081736
leaf_weight=1.335588520218155 25.495679369894791 1.4098277232842544 15.567737603094427 4.0095369344344363 15.043987366021609 4.8123375247232607
leaf_count=368 3686 329 2253 1142 1051 137
internal_value=0.000967202 0.00538238 -0.00202869 0.0188956 0.0169175 -0.00468754
internal_weight=67.6747 37.3667 20.9129 5.34513 16.4538 30.308
internal_count=8966 5143 3763 1510 1380 3823
cat_boundaries=0 1
cat_threshold=58
is_linear=0
shrinkage=0.03


Tree=174
num_leaves=7
num_cat=0
split_feature=24 24 2 20 29 24
split_gain=2.0697 3.14606 3.11548 3.41163 3.24504 3.82284
threshold=0.30384615384615393 0.78174603174603186 587.50000000000011 0.68333333333333346 0.0067543859649122819 0.21825396825396828
decision_type=2 2 2 2 2 2
left_child=2 -2 3 4 5 -1
right_child=1 -3 -4 -5 -6 -7
leaf_value=0.052060928356439405 -0.0078454970174883388 0.012877021865424951 0.032884043466403341 -0.010606500606461632 0.0041979543622769023 -0.0080240773524265733
leaf_weight=0.92107255908195884 30.05514171224786 6.3988855105126268 1.6119123588432547 9.307638524391221 19.148837075685151 0.72394740954041481
leaf_count=202 3866 468 258 1526 2444 173
internal_value=0.00106178 -0.00372746 0.00646147 0.00308596 0.00960778 0.0357245
internal_weight=68.1674 36.454 31.7134 30.1015 20.7939 1.64502
internal_count=8937 4334 4603 4345 2819 375
is_linear=0
shrinkage=0.03


Tree=175
num_leaves=7
num_cat=2
split_feature=11 16 9 14 16 1
split_gain=3.33423 3.3506 4.33826 2.89719 3.51246 3.33791
threshold=0 662.11805555555577 1.0000000180025095e-35 1 959.54548611111125 0.27972755423134416
decision_type=1 2 2 1 2 2
left_child=1 2 -1 -3 5 -5
right_child=-2 3 -4 4 -6 -7
leaf_value=-0.021195213736010708 -0.00517988984990403 0.029723613675692429 0.016610036231770001 -0.010136296050931351 -0.011956137634000611 0.037763838736692021
leaf_weight=4.3298576856614117 47.169452344998717 6.4238100688089617 2.9214900316437706 1.0045784039539269 4.476840722549241 1.5040954798460004
leaf_count=804 6335 534 65 204 824 165
internal_value=-0.00120416 0.00680955 -0.00566583 0.0178347 0.00271935 0.0225948
internal_weight=67.8301 20.6607 7.25135 13.4093 6.98551 2.50867
internal_count=8931 2596 869 1727 1193 369
cat_boundaries=0 1 2
cat_threshold=24 2
is_linear=0
shrinkage=0.03


Tree=176
num_leaves=7
num_cat=0
split_feature=4 26 18 3 1 1
split_gain=2.19717 2.48259 2.25338 4.0227 2.9608 5.73567
threshold=1.5000000000000002 21.500000000000004 12.500000000000002 0.75626916338151562 0.21801283565349219 0.21085818173470225
decision_type=2 2 2 2 2 2
left_child=2 -2 3 4 5 -1
right_child=1 -3 -4 -5 -6 -7
leaf_value=-0.0054015898163395836 0.021440904888454515 -0.0094057581089826061 0.012157645184427917 0.010652441799222728 -0.012357084030701706 0.042528283142682491
leaf_weight=8.6164470264920929 6.2166506284847838 1.9660878328140823 7.4797771523008114 11.674202904629054 31.458502831985243 0.88917588995536867
leaf_count=1865 249 103 214 1991 4466 130
internal_value=0.00073769 0.0136376 -0.00140069 -0.00370179 -0.008098 0.00569513
internal_weight=68.3008 8.18274 60.1181 52.6383 40.9641 9.50562
internal_count=9018 352 8666 8452 6461 1995
is_linear=0
shrinkage=0.03


Tree=177
num_leaves=7
num_cat=0
split_feature=0 0 29 18 26 29
split_gain=2.42068 3.96108 4.28571 3.44847 3.96807 3.2889
threshold=3806.5000000000005 4787.0000000000009 0.010200000000000002 7.5000000000000009 1.5000000000000002 0.0062659698025551696
decision_type=2 2 2 2 2 2
left_child=3 2 -2 4 -1 -3
right_child=1 5 -4 -5 -6 -7
leaf_value=0.010244968239901982 0.046922472388682336 0.026017133546560722 -0.0043428071182199535 0.0072403026333344358 -0.013811188128340438 -0.0056778528981040223
leaf_weight=6.5320236857514855 2.2756263909395811 1.7415895003359754 1.7598384043667463 19.7066123408149 23.508719485544134 11.920323003549127
leaf_count=728 315 328 125 2211 4155 1053
internal_value=0.00136612 0.0102858 0.0305353 -0.0020819 -0.00826746 0.00116894
internal_weight=67.4447 17.6974 4.03546 49.7474 30.0407 13.6619
internal_count=8915 1821 440 7094 4883 1381
is_linear=0
shrinkage=0.03


Tree=178
num_leaves=7
num_cat=0
split_feature=4 5 20 23 23 19
split_gain=2.30401 1.89573 4.63396 3.22408 5.83307 2.64139
threshold=1.5000000000000002 1.0000000180025095e-35 0.68333333333333346 0.31107180654755312 0.37281720022641157 1.2950310559006215
decision_type=2 2 2 2 2 2
left_child=1 2 3 -1 -5 -3
right_child=-2 5 -4 4 -6 -7
leaf_value=-0.003519118583512918 0.013814220105526388 -0.00099658186926466141 -0.012573613342600126 0.049425897483803237 -0.0012939146785781754 -0.019758790533770155
leaf_weight=3.6352957038907316 8.7161570473108423 38.580356316175312 5.2362517320434554 2.9202220994047821 3.3172691492945887 6.2498052834416731
leaf_count=580 362 5374 697 342 262 1240
internal_value=0.000991811 -0.00125863 0.00733467 0.0182329 0.0286867 -0.00434438
internal_weight=68.6554 59.9392 15.109 9.87279 6.23749 44.8302
internal_count=8857 8495 1881 1184 604 6614
is_linear=0
shrinkage=0.03


Tree=179
num_leaves=7
num_cat=0
split_feature=3 23 5 22 18 3
split_gain=2.23334 2.54907 2.92982 3.13801 2.98949 2.60284
threshold=0.09376368812965398 0.46203805627925698 1.0000000180025095e-35 0.22500000000000003 16.500000000000004 0.33193714410862901
decision_type=2 2 2 2 2 2
left_child=-1 2 3 5 -4 -2
right_child=1 -3 4 -5 -6 -7
leaf_value=0.0155993611206342 -0.006059403299542898 0.012685962082324857 -0.010179008752504578 -0.013381170890686644 0.014599299306191344 0.023725793335357799
leaf_weight=6.2046487624174906 2.7641172807198 8.2745178363984433 36.368768508720677 2.932440143369603 3.1761840218678108 7.0022629214217886
leaf_count=751 370 346 6116 308 26 1036
internal_value=0.000903022 -0.00105455 -0.00361832 0.00807659 -0.00758184 0.0156988
internal_weight=66.7229 60.5183 52.2438 12.6988 39.545 9.76638
internal_count=8953 8202 7856 1714 6142 1406
is_linear=0
shrinkage=0.03


Tree=180
num_leaves=7
num_cat=0
split_feature=18 6 3 2 1 0
split_gain=2.21286 3.36476 5.01365 4.45963 3.19525 2.90446
threshold=6.5000000000000009 1.0000000180025095e-35 0.60843736311870356 264.50000000000006 0.12448605332246232 4365.5000000000009
decision_type=2 2 2 2 2 2
left_child=4 3 -3 -2 -1 -6
right_child=1 2 -4 -5 5 -7
leaf_value=0.021220358120490106 0.024541010141471881 -0.012183933225698131 0.015555939440160925 -0.015539035868823083 -0.012225802238644645 0.0069264586715103282
leaf_weight=1.9747989830793802 10.074861041037364 13.230373771511951 7.5517133357934645 1.6898964105639596 24.96926413528854 8.2096791771473345
leaf_count=306 352 2028 1297 245 3876 851
internal_value=0.000392458 0.00584748 -0.0016232 0.0173626 -0.00470093 -0.00736247
internal_weight=67.7006 32.5468 20.7821 11.7648 35.1537 33.1789
internal_count=8955 3922 3325 597 5033 4727
is_linear=0
shrinkage=0.03


Tree=181
num_leaves=7
num_cat=0
split_feature=18 1 1 19 0 0
split_gain=2.23198 3.0427 7.71792 3.62001 8.13639 4.70402
threshold=1.5000000000000002 0.21342056011679125 0.21912576589522173 0.97035745422842201 1469.5000000000002 4450.5000000000009
decision_type=2 2 2 2 2 2
left_child=-1 -2 -3 5 -5 -4
right_child=1 2 3 4 -6 -7
leaf_value=0.015441561457661105 -0.012279692583621571 0.049341715276209709 -0.014184247753320282 0.036364555688728172 -0.004013506956346378 0.010086161064912174
leaf_weight=6.5296221271273671 13.942559797782449 1.011361471377312 20.068501886911694 4.8318050359957878 12.127216391498221 8.9597854595631343
leaf_count=668 2475 124 2774 846 1196 848
internal_value=0.00106202 -0.000920399 0.00281311 -0.000223956 0.0101132 -0.00652575
internal_weight=67.4709 60.9412 46.9987 45.9873 16.959 29.0283
internal_count=8931 8263 5788 5664 2042 3622
is_linear=0
shrinkage=0.03


Tree=182
num_leaves=7
num_cat=0
split_feature=19 26 16 18 18 16
split_gain=2.61548 2.99015 4.03157 3.25969 2.81687 2.48606
threshold=1.2456896551724139 18.500000000000004 474.61979166666669 10.500000000000002 16.500000000000004 959.54548611111125
decision_type=2 2 2 2 2 2
left_child=1 2 3 -1 -3 -4
right_child=-2 4 5 -5 -6 -7
leaf_value=-0.016679481045513891 -0.011841871932207142 -0.0083977091526839555 0.025255719184832454 0.01738627392164456 0.016309870133313965 0.0048406570137058012
leaf_weight=6.4424498679582047 10.704545701970344 21.726018412038687 10.180682929290926 1.7702356298686934 3.117590333800762 11.722735197690779
leaf_count=918 1821 3123 1350 61 22 1577
internal_value=0.000481363 0.00321309 0.00930355 -0.00736979 -0.00431302 0.0156488
internal_weight=65.6643 54.9597 30.1161 8.21269 24.8436 21.9034
internal_count=8872 7051 3906 979 3145 2927
is_linear=0
shrinkage=0.03


Tree=183
num_leaves=7
num_cat=0
split_feature=16 3 16 2 18 24
split_gain=2.47443 4.01431 3.43325 3.42061 2.43274 3.04781
threshold=1388.6072916666669 0.75626916338151562 1557.2517361111113 284.50000000000006 14.500000000000002 0.26969696969696971
decision_type=2 2 2 2 2 2
left_child=3 -2 -3 4 5 -1
right_child=1 2 -4 -5 -6 -7
leaf_value=0.0077385109570579742 4.623334316497711e-05 0.050927197909322049 -0.0041492287409374291 -0.013797383846359805 0.020307835950890109 -0.0084983898406896814
leaf_weight=18.985230474732816 7.8817598887835612 1.3510256043518896 1.0617550059105267 13.916991332895121 3.9443290557246646 18.638994329841807
leaf_count=2512 1168 184 152 2524 50 2392
internal_value=0.000686206 0.0128847 0.0357948 -0.00194658 0.00247226 -0.000328178
internal_weight=65.7801 10.2945 2.41278 55.4855 41.5686 37.6242
internal_count=8982 1504 336 7478 4954 4904
is_linear=0
shrinkage=0.03


Tree=184
num_leaves=7
num_cat=0
split_feature=24 3 5 18 16 4
split_gain=2.27514 3.85619 3.26159 3.26357 2.51095 2.4295
threshold=0.30384615384615393 0.20600635129215947 1.0000000180025095e-35 17.500000000000004 1207.0975694444448 1.0000000180025095e-35
decision_type=2 2 2 2 2 2
left_child=5 -2 4 -4 -3 -1
right_child=1 2 3 -5 -6 -7
leaf_value=-0.0013124351645171345 0.010504314825753392 -0.005976333043584141 -0.018919558486128567 0.013826470840695557 0.025800519756027731 0.015116668131340509
leaf_weight=16.401308866217736 9.7335669975145702 4.0748387625208151 19.125069122528661 1.6879017949104298 1.791791404597461 13.463742478576021
leaf_count=3340 898 511 2660 18 227 1177
internal_value=0.000669341 -0.00426698 -0.0100127 -0.0152846 0.007821 0.00657804
internal_weight=66.2782 36.4132 26.6796 20.813 5.86663 29.8651
internal_count=8831 4314 3416 2678 738 4517
is_linear=0
shrinkage=0.03


Tree=185
num_leaves=7
num_cat=0
split_feature=4 19 2 1 2 24
split_gain=1.91512 2.09982 5.24864 5.61106 4.19473 3.85952
threshold=1.5000000000000002 0.55397727272727282 250.50000000000003 0.21801283565349219 161.50000000000003 0.13809523809523813
decision_type=2 2 2 2 2 2
left_child=1 2 3 -1 5 -3
right_child=-2 4 -4 -5 -6 -7
leaf_value=0.019300564972307373 0.013342195778491644 -0.016788269969897289 0.022230877755930096 -0.016943018194644187 -0.013759373276476224 0.012828224533559991
leaf_weight=3.8606770290643935 8.7399740924593043 3.4273595782578949 8.7521798433735949 9.5028953321743739 19.253257521777414 13.623221243964506
leaf_count=578 346 637 1304 1251 3422 1421
internal_value=0.00169776 -0.000428309 0.00652068 -0.00532294 -0.00478096 0.00573747
internal_weight=67.1596 58.4196 22.1158 13.3636 36.3038 17.0506
internal_count=8959 8613 3133 1829 5480 2058
is_linear=0
shrinkage=0.03


Tree=186
num_leaves=7
num_cat=0
split_feature=19 0 1 1 19 26
split_gain=3.9045 2.57755 2.59134 6.08217 5.22894 4.18301
threshold=1.5241935483870972 655.50000000000011 0.21912576589522173 0.21342056011679125 1.017241379310345 17.500000000000004
decision_type=2 2 2 2 2 2
left_child=1 -1 3 5 -4 -3
right_child=-2 2 4 -5 -6 -7
leaf_value=-0.016947525763440909 -0.018581900066348078 0.020891764835717301 -0.0026689930900527163 0.054886229627775833 0.019879540043520917 -0.0088856132157828904
leaf_weight=2.4975551292300215 4.7777285694610319 6.8498137815622595 35.526278003701009 1.1620371267199505 10.347729840665123 6.5395064753247425
leaf_count=1199 887 746 4065 98 1170 723
internal_value=0.00323822 0.00541641 0.00685413 0.0170718 0.00303525 0.00708345
internal_weight=67.7006 62.9229 60.4254 14.5514 45.874 13.3893
internal_count=8888 8001 6802 1567 5235 1469
is_linear=0
shrinkage=0.03


Tree=187
num_leaves=7
num_cat=0
split_feature=0 0 2 19 3 2
split_gain=2.71472 4.27182 2.81945 2.59004 2.52696 2.44993
threshold=680.50000000000011 805.50000000000011 318.50000000000006 1.2950310559006215 0.94242772667542707 124.50000000000001
decision_type=2 2 2 2 2 2
left_child=-1 2 5 -3 -5 -2
right_child=1 3 -4 4 -6 -7
leaf_value=-0.018804937956379161 0.0011086967688025554 0.0036837188323307459 -0.0092713294405691905 -0.017550684668498587 0.018376280943535071 0.044163862352054876
leaf_weight=3.233793892664834 1.7332152070011932 49.63578964699991 0.88211261038668443 8.1721614091657067 0.44127328076865602 2.7026664769509807
leaf_count=1482 182 5587 168 1243 56 239
internal_value=0.00208179 0.00368554 0.0252946 0.000938516 -0.0125941 0.0329134
internal_weight=66.801 63.5672 5.31799 58.2492 8.61343 4.43588
internal_count=8957 7475 589 6886 1299 421
is_linear=0
shrinkage=0.03


Tree=188
num_leaves=7
num_cat=0
split_feature=26 16 2 23 16 16
split_gain=2.61198 2.97342 4.6845 3.11726 2.42119 2.31783
threshold=1.5000000000000002 205.43298611111115 256.50000000000006 0.26335122756024681 592.31388888888898 714.52604166666674
decision_type=2 2 2 2 2 2
left_child=-1 2 3 -2 -3 -6
right_child=1 4 -4 -5 5 -7
leaf_value=0.014611960883186205 -0.012469475299119485 -0.019166315005096274 -0.016705069588401438 0.02528381308941257 0.017148839377304728 -0.0042597263141618555
leaf_weight=8.5501889132428897 1.1412526105414134 6.9770446645561597 2.7053987384424536 8.6276876422343758 3.1836583181866436 36.229119628726039
leaf_count=903 54 1677 156 207 637 5195
internal_value=0.000851191 -0.00156207 0.0104277 0.0195038 -0.00508389 -0.00178573
internal_weight=67.4144 58.8642 12.4743 9.76894 46.3898 39.4128
internal_count=8829 7926 417 261 7509 5832
is_linear=0
shrinkage=0.03


Tree=189
num_leaves=7
num_cat=0
split_feature=25 23 16 1 20 16
split_gain=2.89943 4.53529 3.96701 3.77299 2.25897 5.33765
threshold=0.11805555555555557 0.27979269362663267 1525.3329861111113 0.13851440417515656 0.30952380952380959 1049.3329861111113
decision_type=2 2 2 2 2 2
left_child=3 -2 4 -1 5 -3
right_child=1 2 -4 -5 -6 -7
leaf_value=0.018088904450759537 -0.011915562880009573 -0.020651876173256416 -0.01685799520455011 -0.017625126846910307 0.01463890817860339 0.016578125263703791
leaf_weight=1.6075517797144119 11.583680175885091 4.6625271642114949 3.4703656764468169 11.380135693587361 29.981611975235865 5.2352349244174547
leaf_count=211 1996 699 421 2195 2975 399
internal_value=0.000370164 0.00345056 0.00790103 -0.0113807 0.0107578 -0.00148322
internal_weight=67.9211 54.9334 43.3497 12.9877 39.8794 9.89776
internal_count=8896 6490 4494 2406 4073 1098
is_linear=0
shrinkage=0.03


Tree=190
num_leaves=7
num_cat=0
split_feature=0 16 23 18 0 16
split_gain=2.59477 3.83772 3.32195 3.5844 3.1707 3.60363
threshold=3449.0000000000005 480.16944444444454 0.12861209406441076 10.500000000000002 1176.5000000000002 592.31388888888898
decision_type=2 2 2 2 2 2
left_child=2 -2 -1 4 5 -4
right_child=1 -3 3 -5 -6 -7
leaf_value=0.01856400913766507 -0.017545894464076808 0.013370061172388285 -0.017369387052846737 0.0086085930267059095 -0.018270875735003699 0.010700917272456799
leaf_weight=3.2990941990865386 2.6156138246879008 17.789567045518197 4.5881438659271216 9.1471710532787238 19.720904103596695 8.9704136574873683
leaf_count=264 400 1643 878 508 2858 2315
internal_value=-0.000234283 0.00819465 -0.00418149 -0.00670627 -0.0111651 0.000190343
internal_weight=66.1309 20.4052 45.7257 42.4266 33.2795 13.5586
internal_count=8866 2043 6823 6559 6051 3193
is_linear=0
shrinkage=0.03


Tree=191
num_leaves=7
num_cat=1
split_feature=25 16 16 14 8 6
split_gain=4.02951 2.3814 5.62878 4.80417 3.92703 3.59923
threshold=0.087121212121212141 662.11805555555577 757.08125000000007 0 1.0000000180025095e-35 1.0000000180025095e-35
decision_type=2 2 2 1 2 2
left_child=-1 5 4 -4 -3 -2
right_child=1 2 3 -5 -6 -7
leaf_value=-0.013258594028844835 0.007834361326481595 0.05662359237558267 0.015024986647484143 -0.0069815153922511636 -0.0041346963592816966 -0.016113266873952696
leaf_weight=11.478548193350433 10.549161843431648 1.4533271139953279 16.99968280288158 15.171556921734007 0.97187358321389172 8.3868887852877378
leaf_count=2176 313 269 1394 2803 136 1799
internal_value=0.00150841 0.00503825 0.00953203 0.00484579 0.041411 -0.00329824
internal_weight=65.011 53.5325 34.5964 32.1712 2.4252 18.9361
internal_count=8890 6714 4602 4197 405 2112
cat_boundaries=0 1
cat_threshold=2
is_linear=0
shrinkage=0.03


Tree=192
num_leaves=7
num_cat=0
split_feature=0 0 12 1 3 24
split_gain=2.21784 4.1114 3.26465 3.34629 3.83799 3.46009
threshold=655.50000000000011 805.50000000000011 1.5000000000000002 0.22773438802002882 0.76585085413929044 0.67543859649122817
decision_type=2 2 2 2 2 2
left_child=-1 -2 3 -3 5 -5
right_child=1 2 -4 4 -6 -7
leaf_value=-0.017412568389127584 0.024309499895455965 0.016444065164453441 -0.015775208023902244 -0.0093171053947204898 0.016112909712928187 0.015500464810981749
leaf_weight=2.6644144551246418 5.9543179745087391 12.271528886398299 6.7500123698264352 27.389749499328904 7.7437955617206162 4.2312883151462293
leaf_count=1379 705 1399 728 3375 1087 284
internal_value=0.0027325 0.00406652 0.00126535 0.0039981 -0.000489271 -0.00527169
internal_weight=67.0051 64.3407 58.3864 51.6364 39.3648 31.621
internal_count=8957 7578 6873 6145 4746 3659
is_linear=0
shrinkage=0.03


Tree=193
num_leaves=7
num_cat=1
split_feature=25 14 23 16 29 24
split_gain=2.55398 3.48612 3.065 3.18335 2.41644 2.1582
threshold=0.21825396825396828 0 0.26335122756024681 1525.3329861111113 0.0055920444033302511 0.22649572649572652
decision_type=2 1 2 2 2 2
left_child=-1 -2 4 5 -3 -4
right_child=1 2 3 -5 -6 -7
leaf_value=-0.0084132736177283517 -0.015214967194540954 0.017450583847588602 0.00142896923467735 -0.01681400730280885 -0.018338441440491435 0.017595200118818509
leaf_weight=19.282566019974183 5.4224134018877521 0.52663664857391168 11.115885642066131 1.9036193880601775 4.9026748829055578 22.987286589865107
leaf_count=3817 999 121 1121 243 769 1856
internal_value=0.000268299 0.00403897 0.00714314 0.010334 -0.0111037 0.0126969
internal_weight=66.1411 46.8585 41.4361 36.0068 5.42931 34.1032
internal_count=8926 5109 4110 3220 890 2977
cat_boundaries=0 1
cat_threshold=4
is_linear=0
shrinkage=0.03


Tree=194
num_leaves=7
num_cat=0
split_feature=4 29 23 6 2 29
split_gain=3.40894 3.18729 3.08706 2.34591 2.38359 2.19291
threshold=1.0000000180025095e-35 0.0055920444033302511 0.46805477958313024 1.0000000180025095e-35 256.50000000000006 0.0061184939091915849
decision_type=2 2 2 2 2 2
left_child=1 -1 3 4 -3 -2
right_child=5 2 -4 -5 -6 -7
leaf_value=0.014365013349435808 -0.01242953512416318 0.0080999437724951807 0.01202962333057345 -0.017565411601638332 -0.018786015124840186 0.010259780433636451
leaf_weight=4.2354321853490537 2.7347275041975108 7.7183545816224086 3.8409697830211362 20.997755426564254 2.272466472000815 25.082211998756975
leaf_count=986 587 373 228 4768 251 1824
internal_value=-0.000387122 -0.00598254 -0.00910261 -0.0122924 -0.000128806 0.00734506
internal_weight=66.8819 39.065 34.8295 30.9886 9.99082 27.8169
internal_count=9017 6606 5620 5392 624 2411
is_linear=0
shrinkage=0.03


Tree=195
num_leaves=7
num_cat=0
split_feature=21 0 0 8 12 3
split_gain=1.77973 1.77702 4.56914 3.03166 2.97746 3.08668
threshold=0.15476190476190479 655.50000000000011 758.50000000000011 1.0000000180025095e-35 1.5000000000000002 0.76585085413929044
decision_type=2 2 2 2 2 2
left_child=1 -1 3 -3 5 -4
right_child=-2 2 4 -5 -6 -7
leaf_value=-0.015634505770234411 -0.0096561007017648675 0.038972382660073482 0.00011347245923840616 -0.0084835731494131289 -0.016200889668407041 0.017371578608708194
leaf_weight=2.134260620456188 8.7150516193942149 3.1459160404046993 36.395079464302398 0.77809972479008127 5.1570787021191782 10.553429380641317
leaf_count=1229 737 309 4515 136 661 1313
internal_value=0.00167477 0.0036371 0.00488473 0.0298751 0.00196798 0.00454416
internal_weight=66.8789 58.1639 56.0296 3.92402 52.1056 46.9485
internal_count=8900 8163 6934 445 6489 5828
is_linear=0
shrinkage=0.03


Tree=196
num_leaves=7
num_cat=0
split_feature=18 16 7 1 19 2
split_gain=2.14779 4.09412 5.75801 3.31661 2.8082 2.94286
threshold=4.5000000000000009 474.61979166666669 1.0000000180025095e-35 0.077917896327868386 1.2565789473684215 326.50000000000006
decision_type=2 2 2 2 2 2
left_child=1 3 4 -1 5 -3
right_child=-2 2 -4 -5 -6 -7
leaf_value=0.021123505839654118 -0.00064582218921139503 0.038779635764490353 -0.012600967767647022 -0.018304089550651145 -0.0037891265899995686 -0.0035354409168916493
leaf_weight=0.80966766830533998 48.54954141919734 8.0122159578022529 2.9519318153616032 4.909230014658533 1.764657225110567 1.3653469766722981
leaf_count=11 6221 901 534 676 278 260
internal_value=0.00284164 0.0106629 0.0186222 -0.00869517 0.027553 0.0330802
internal_weight=68.3626 19.813 14.0942 5.7189 11.1422 9.37756
internal_count=8881 2660 1973 687 1439 1161
is_linear=0
shrinkage=0.03


Tree=197
num_leaves=7
num_cat=2
split_feature=11 20 14 29 3 20
split_gain=1.89457 2.26737 4.44771 3.70637 3.19222 2.35758
threshold=0 0.36666666666666675 1 0.012099567099567101 0.83292268944371439 0.5277777777777779
decision_type=1 2 1 2 2 2
left_child=-1 3 5 -2 -5 -3
right_child=1 2 -4 4 -6 -7
leaf_value=-0.0037586075143888273 -0.015192202494403057 0.01694885524685992 0.020975336203483366 0.018774266542678365 -0.014910351470678068 -0.0075271838018785772
leaf_weight=20.565007458208129 7.8114787713275318 2.8282413652050318 16.692059654160403 6.9841952767455933 1.8391100255539639 11.349132657691369
leaf_count=2526 1704 535 2284 410 100 1455
internal_value=0.0030455 0.00564322 0.0113608 -0.00201928 0.0102953 -0.00115273
internal_weight=68.0692 47.5042 30.8694 16.6348 8.82331 14.1774
internal_count=9014 6488 4274 2214 510 1990
cat_boundaries=0 1 2
cat_threshold=68 1
is_linear=0
shrinkage=0.03


Tree=198
num_leaves=7
num_cat=0
split_feature=25 24 29 25 0 0
split_gain=2.0683 3.08213 3.5875 4.00401 5.94137 4.9548
threshold=0.11805555555555557 0.36038961038961043 0.012690476190476193 0.5590277777777779 4787.0000000000009 703.50000000000011
decision_type=2 2 2 2 2 2
left_child=-1 2 3 4 5 -2
right_child=1 -3 -4 -5 -6 -7
leaf_value=-0.0092675114002528473 -0.0111566788066214 -0.0034916056879214425 -0.0037323907063536357 -0.01049492734756295 -0.010472310297944978 0.039515132368653713
leaf_weight=12.833397969661744 1.1515243920730451 27.488386073731817 9.3652841057628375 2.4389968965551807 2.5644167934078714 9.6127824578434211
leaf_count=2407 495 2916 300 582 446 1732
internal_value=0.000689098 0.00336776 0.0105743 0.0185355 0.0245239 0.0331957
internal_weight=65.4548 52.6214 25.133 15.7677 13.3287 10.7643
internal_count=8878 6471 3555 3255 2673 2227
is_linear=0
shrinkage=0.03


Tree=199
num_leaves=7
num_cat=0
split_feature=4 2 24 19 29 29
split_gain=2.21075 1.86144 1.8547 1.94071 1.67764 2.87593
threshold=1.5000000000000002 280.50000000000006 0.86607142857142871 1.2950310559006215 0.15780193236714976 0.075178885630498543
decision_type=2 2 2 2 2 2
left_child=2 -2 3 4 5 -1
right_child=1 -3 -4 -5 -6 -7
leaf_value=-0.0029482744516559213 0.018403310623024586 -0.0082334506710493322 0.014178993865118091 -0.01675582416989101 -0.016981764904510262 0.018940541307214832
leaf_weight=37.24674113659421 6.3709197344724071 1.9587137675844131 3.1272928771213619 8.0533308255253342 3.9345702507998785 4.2646075969096264
leaf_count=6629 249 108 236 1614 71 45
internal_value=-0.00107724 0.0117583 -0.00330203 -0.00479802 -0.00206202 6.76811e-05
internal_weight=64.9562 8.32963 56.6265 53.4992 45.4459 41.5113
internal_count=8952 357 8595 8359 6745 6674
is_linear=0
shrinkage=0.03


Tree=200
num_leaves=7
num_cat=0
split_feature=1 1 19 5 19 20
split_gain=2.6123 5.22979 4.09149 3.03861 2.74734 3.17549
threshold=0.21085818173470225 0.21912576589522173 0.78604118993135019 1.0000000180025095e-35 1.017241379310345 0.81666666666666676
decision_type=2 2 2 2 2 2
left_child=-1 2 3 -2 -3 -6
right_child=1 4 -4 -5 5 -7
leaf_value=-0.01015530119566686 -0.0050989965890018713 -0.0040348111819140829 -0.0087060546431849267 0.062779948791058013 0.01775236533213086 -0.010188792921049194
leaf_weight=15.249509304238016 0.39458936627488594 34.831793897261377 0.74207658553495992 0.89471257477998656 11.231918391247744 3.5666679076966821
leaf_count=2590 42 4300 100 77 1509 384
internal_value=6.40854e-07 0.00326523 0.0361284 0.0515367 0.000572742 0.0106069
internal_weight=66.9113 51.6618 2.03138 1.2893 49.6304 14.7986
internal_count=9002 6412 219 119 6193 1893
is_linear=0
shrinkage=0.03


Tree=201
num_leaves=7
num_cat=0
split_feature=18 2 8 2 3 23
split_gain=1.89785 2.57571 2.82034 2.50615 3.36223 3.46869
threshold=1.5000000000000002 256.50000000000006 1.0000000180025095e-35 155.50000000000003 0.52630858519491908 0.2906787632960009
decision_type=2 2 2 2 2 2
left_child=-1 3 -3 -2 5 -5
right_child=1 2 -4 4 -6 -7
leaf_value=0.013219374709922425 -0.0034395346528998554 -0.017215620995058269 0.0056196558672254307 -0.0071786996031291041 -0.0033546496091151497 0.032313812371644081
leaf_weight=6.321930280304513 24.47973348852247 13.600657711562237 5.9100112940650424 1.8571652971440906 7.0630552949733101 5.6896073277457617
leaf_count=649 2964 2329 986 330 1046 577
internal_value=-0.000221197 -0.00205962 -0.0104192 0.00241691 0.0114624 0.0231273
internal_weight=64.9222 58.6002 19.5107 39.0896 14.6098 7.54677
internal_count=8881 8232 3315 4917 1953 907
is_linear=0
shrinkage=0.03


Tree=202
num_leaves=7
num_cat=0
split_feature=25 1 16 25 3 24
split_gain=2.46204 2.83359 2.51327 3.72352 2.82017 3.52406
threshold=0.087121212121212141 0.077917896327868386 130.64444444444447 0.5590277777777779 0.86851182654402104 0.5590277777777779
decision_type=2 2 2 2 2 2
left_child=1 -1 -2 4 -4 -6
right_child=2 -3 3 -5 5 -7
leaf_value=0.019482638379869233 -0.01515803148197767 -0.014346107914656094 0.0075595701676367429 -0.0065981645264549128 0.040673803736889745 -0.0096571149156868714
leaf_weight=0.89937103627016668 3.2230206565000108 10.62033115106169 34.314320785691962 12.448457972262984 3.2024578840355384 0.78702435345621768
leaf_count=29 211 2129 4681 1197 498 118
internal_value=0.00237263 -0.00921361 0.00508628 0.00689784 0.0113937 0.0308356
internal_weight=65.495 11.5197 53.9753 50.7523 38.3038 3.98948
internal_count=8863 2158 6705 6494 5297 616
is_linear=0
shrinkage=0.03


Tree=203
num_leaves=7
num_cat=0
split_feature=0 18 29 9 29 1
split_gain=2.50587 6.43086 4.26066 3.80541 3.7151 7.25912
threshold=3513.5000000000005 7.5000000000000009 0.008256048387096775 1.0000000180025095e-35 0.0085268817204301097 0.30990718819151669
decision_type=2 2 2 2 2 2
left_child=1 -1 3 -3 5 -2
right_child=4 2 -4 -5 -6 -7
leaf_value=-0.014317294694717715 0.047886998238405483 -0.021448773993749115 0.01859473400378648 0.012974949231527633 -0.0028120930674715603 -0.0051562443396892914
leaf_weight=27.850103499717079 2.6087867493042749 4.8793757748790103 10.689797141298184 3.2479825938935392 13.440885414369403 3.9837288700509816
leaf_count=4721 423 1343 706 142 895 652
internal_value=-0.00181141 -0.00556578 0.00751791 -0.00784626 0.00664565 0.0220945
internal_weight=66.7007 46.6673 18.8172 8.12736 20.0334 6.59252
internal_count=8882 6912 2191 1485 1970 1075
is_linear=0
shrinkage=0.03


Tree=204
num_leaves=7
num_cat=1
split_feature=14 19 16 0 0 12
split_gain=2.53101 2.19312 2.17639 1.70455 3.3454 2.71458
threshold=0 1.5241935483870972 1548.9694444444447 655.50000000000011 1031.5000000000002 1.5000000000000002
decision_type=1 2 2 2 2 2
left_child=2 3 -1 -2 -5 -6
right_child=1 -3 -4 4 5 -7
leaf_value=-0.019712396819345401 -0.014772960236384875 -0.01440914292189043 0.010738835262694394 0.020088860624387847 0.00504205795949821 -0.015256653047196844
leaf_weight=6.434207955840975 1.8697213669656765 3.8813934281934044 1.4019136384013107 10.104383831843732 37.888356562238187 4.9930543729569754
leaf_count=1549 968 742 189 1238 3748 492
internal_value=0.000961794 0.00322175 -0.0131887 0.00493224 0.00613962 0.00210396
internal_weight=66.573 58.7369 7.83612 54.8555 52.9858 42.8814
internal_count=8926 7188 1738 6446 5478 4240
cat_boundaries=0 1
cat_threshold=4
is_linear=0
shrinkage=0.03


Tree=205
num_leaves=7
num_cat=0
split_feature=2 3 19 24 3 16
split_gain=1.71795 4.44696 3.95473 2.90554 2.67796 2.30345
threshold=116.50000000000001 0.35931340341655721 0.45299145299145299 0.26969696969696971 0.21695685501533071 1200.5649305555557
decision_type=2 2 2 2 2 2
left_child=4 2 -2 5 -1 -4
right_child=1 -3 3 -5 -6 -7
leaf_value=0.0010552736357828487 -0.0067264854789086358 -0.00045505854568532266 0.059162338925116312 0.0077976338883689973 -0.020812540985848008 -0.0041410116502933756
leaf_weight=15.55630707141245 2.3104924843646577 37.630159513035323 1.5707932034274561 3.3660601829760708 5.3320081330020903 0.31548428564565245
leaf_count=1729 232 5816 194 275 657 66
internal_value=0.000916714 0.00416337 0.0224323 0.0335768 -0.00585762 0.0518923
internal_weight=66.0813 45.193 7.56283 5.25234 20.8883 1.88628
internal_count=8969 6583 767 535 2386 260
is_linear=0
shrinkage=0.03


Tree=206
num_leaves=7
num_cat=0
split_feature=4 2 12 19 1 25
split_gain=1.99619 1.90875 1.80069 2.02899 4.8938 4.27916
threshold=1.5000000000000002 280.50000000000006 1.5000000000000002 0.38104838709677424 0.21912576589522173 0.39230769230769241
decision_type=2 2 2 2 2 2
left_child=2 -2 3 4 -1 -6
right_child=1 -3 -4 -5 5 -7
leaf_value=0.028578363118017876 0.018429292535816384 -0.0079701168939912519 -0.016225642513428378 -0.0044297071844104528 -0.018368492306221593 0.015234979557679031
leaf_weight=4.4865567208616985 6.3710405076853913 2.1690939734689891 5.6987034644698715 35.676821221073624 5.8307876868057047 4.1276556648081169
leaf_count=622 247 115 927 5672 937 386
internal_value=-0.000540673 0.0114841 -0.00271398 -0.000614084 0.0082025 -0.00422171
internal_weight=64.3607 8.54013 55.8205 50.1218 14.445 9.95844
internal_count=8906 362 8544 7617 1945 1323
is_linear=0
shrinkage=0.03


Tree=207
num_leaves=7
num_cat=1
split_feature=22 26 17 12 14 2
split_gain=2.50487 3.16166 2.75489 2.25549 2.21889 1.56223
threshold=0.55000000000000016 18.500000000000004 5.5000000000000009 1.0000000180025095e-35 0 116.50000000000001
decision_type=2 2 2 2 1 2
left_child=4 3 -3 -2 -1 -6
right_child=1 2 -4 -5 5 -7
leaf_value=-0.018827920918688242 0.037004982311277482 -0.014495527535041696 0.015427517016885533 -0.00034180174804541801 -0.010390201466082306 0.0012323580331005956
leaf_weight=6.8063876683590934 2.3642812076723185 5.0049306420842186 2.6289820473175496 2.1291008231928572 12.830686083121689 33.740882412297651
leaf_count=1609 97 479 22 74 1734 4846
internal_value=-0.00216119 0.00919938 -0.00312713 0.0246542 -0.0049813 -0.00226569
internal_weight=65.5053 12.1273 7.63391 4.49338 53.378 46.5716
internal_count=8861 672 501 171 8189 6580
cat_boundaries=0 1
cat_threshold=4
is_linear=0
shrinkage=0.03


Tree=208
num_leaves=7
num_cat=1
split_feature=1 14 1 29 8 20
split_gain=3.70066 2.94442 2.68279 2.5527 3.22005 3.26897
threshold=0.68650496475651146 0 0.89996769789158659 0.011068840579710146 1.0000000180025095e-35 0.30952380952380959
decision_type=2 1 2 2 2 2
left_child=1 -1 -2 4 5 -3
right_child=2 3 -4 -5 -6 -7
leaf_value=-0.019156004777997147 0.021104999469451099 -0.0069439535332115124 -0.012302338926486947 -0.0062835078691918164 -0.0087972185850256641 0.019890553985674894
leaf_weight=6.0862374994321726 9.1676590486895275 4.4065360035165275 1.2918627324979741 24.302721942018252 6.9202152542420654 13.435217632213606
leaf_count=1655 280 912 66 1625 1576 2750
internal_value=0.000873796 -0.00238173 0.0156664 0.000367806 0.00687749 0.0132311
internal_weight=65.6105 55.1509 10.4595 49.0647 24.762 17.8418
internal_count=8864 8518 346 6863 5238 3662
cat_boundaries=0 1
cat_threshold=4
is_linear=0
shrinkage=0.03


Tree=209
num_leaves=7
num_cat=0
split_feature=23 16 3 25 18 18
split_gain=3.44806 3.00967 4.69102 3.08911 2.77984 3.9862
threshold=0.44349962930048109 1388.6072916666669 0.76585085413929044 0.324561403508772 10.500000000000002 1.5000000000000002
decision_type=2 2 2 2 2 2
left_child=1 4 -3 -4 5 -1
right_child=-2 2 3 -5 -6 -7
leaf_value=0.011639741130500683 0.015231635070463968 -0.0025037009826723512 -0.0036903156744574114 0.051994716288376819 0.007867344555788398 -0.012960980115486203
leaf_weight=5.5555867744260459 10.444978828541933 6.6135389796690998 0.90539047826314378 1.1585127880680373 9.8033366712625121 31.862152652873192
leaf_count=559 501 1096 177 129 533 5886
internal_value=0.000927888 -0.00217868 0.0123567 0.0377726 -0.0052433 -0.00890314
internal_weight=66.3435 55.8985 8.67744 2.0639 47.2211 37.4177
internal_count=8881 8380 1402 306 6978 6445
is_linear=0
shrinkage=0.03


Tree=210
num_leaves=7
num_cat=0
split_feature=1 1 5 19 0 16
split_gain=4.17008 5.04844 4.4 3.5314 5.18187 5.99898
threshold=0.20271224113895817 0.21912576589522173 1.0000000180025095e-35 1.017241379310345 1469.5000000000002 675.45243055555568
decision_type=2 2 2 2 2 2
left_child=-1 2 -2 -3 5 -5
right_child=1 3 -4 4 -6 -7
leaf_value=-0.013136837734324686 -0.0099065361315497577 -0.0034845177141776306 0.046496964835376874 -0.0033319052569963144 -0.00046289743055077123 0.055357745816554546
leaf_weight=13.090499417681711 0.90965318039525334 35.140247205330525 2.2904519191361024 2.1580118215642861 9.5405141754890774 2.2029515560134314
leaf_count=2358 104 4259 336 311 1099 448
internal_value=0.000838837 0.00469605 0.0328202 0.00164677 0.0134245 0.0343992
internal_weight=65.3323 52.2418 3.20011 49.0417 13.9015 4.36096
internal_count=8915 6557 440 6117 1858 759
is_linear=0
shrinkage=0.03


Tree=211
num_leaves=7
num_cat=0
split_feature=1 3 3 2 24 8
split_gain=2.31684 2.93003 2.78732 3.71259 4.82834 5.79596
threshold=0.59353386387730434 0.60843736311870356 0.43322930354796324 120.50000000000001 0.36038961038961043 1.0000000180025095e-35
decision_type=2 2 2 2 2 2
left_child=2 -2 3 -1 5 -5
right_child=1 -3 -4 4 -6 -7
leaf_value=-0.0049307094587877796 -0.0020440401231659531 0.021284998936419056 -0.010267398323009658 0.050794742647543294 -0.0051009736146417307 -0.0078951308972026613
leaf_weight=16.30038089473965 9.8526321356184798 6.9698747934307894 24.435639390663709 2.8094418009859492 4.2403445172822103 1.5164764733635818
leaf_count=2293 356 265 4727 519 529 236
internal_value=-0.000150651 0.00885623 -0.00344935 0.00351609 0.0174801 0.0342292
internal_weight=66.1248 16.8225 49.3023 24.8666 8.56626 4.32592
internal_count=8925 621 8304 3577 1284 755
is_linear=0
shrinkage=0.03


Tree=212
num_leaves=7
num_cat=0
split_feature=26 3 23 19 25 1
split_gain=2.307 1.99888 3.33424 2.24934 1.41491 1.42829
threshold=1.5000000000000002 0.21695685501533071 0.34967733367290738 1.2950310559006215 0.53589743589743599 0.16005487648045788
decision_type=2 2 2 2 2 2
left_child=-1 2 3 4 5 -2
right_child=1 -3 -4 -5 -6 -7
leaf_value=0.013435208556578775 -0.0036632142663942163 -0.0052940331083570231 -0.010266244074835999 -0.0084856330447328192 -0.0040947814593293649 0.030783821763972843
leaf_weight=8.1106973312562314 0.80120764963794311 42.507161818095483 4.929604257689788 1.5591424849117173 1.0210284747881813 5.7191183398826979
leaf_count=905 110 6283 494 211 164 671
internal_value=0.000208055 -0.00208368 0.00708976 0.016647 0.0225327 0.0266847
internal_weight=64.648 56.5373 14.0301 9.1005 7.54135 6.52033
internal_count=8838 7933 1650 1156 945 781
is_linear=0
shrinkage=0.03


Tree=213
num_leaves=7
num_cat=0
split_feature=0 0 15 25 12 3
split_gain=1.901 3.1874 3.52867 2.46918 2.34592 2.65711
threshold=655.50000000000011 758.50000000000011 1.0000000180025095e-35 0.43303571428571436 1.5000000000000002 0.75626916338151562
decision_type=2 2 2 2 2 2
left_child=-1 2 3 -2 5 -3
right_child=1 4 -4 -5 -6 -7
leaf_value=-0.016225669621003313 0.046022171060115288 0.00054440948172499142 -0.0063009211045389427 -0.0060351592837112888 -0.012821922180495569 0.015634872034151835
leaf_weight=2.2962092999077859 2.275001344911288 41.464230478100944 1.6828756515169514 0.49352902232203621 6.2073369242716572 12.133797598886302
leaf_count=1343 233 4852 167 67 755 1515
internal_value=0.00332867 0.00449613 0.0245668 0.0381031 0.00225561 0.0044002
internal_weight=66.553 64.2568 4.45141 2.76853 59.8054 53.598
internal_count=8932 7589 467 300 7122 6367
is_linear=0
shrinkage=0.03


Tree=214
num_leaves=7
num_cat=2
split_feature=1 14 4 14 2 13
split_gain=3.82007 3.73292 3.6304 3.23437 3.46186 2.80119
threshold=0.54988772858683954 0 1.0000000180025095e-35 1 30.500000000000004 1.5000000000000002
decision_type=2 1 2 1 2 2
left_child=3 -2 -3 -1 -5 -6
right_child=1 2 -4 4 5 -7
leaf_value=0.0025232186223267975 -0.010472050872637657 0.00052965394169231857 0.028493318907218169 0.015902330150199286 -0.020339145398632318 0.0083950358042329271
leaf_weight=22.923344591690693 4.7566889078589156 7.4173707630252483 7.8021737268427387 1.7884492171579065 18.569358174485391 2.4572530220029867
leaf_count=3731 344 327 139 272 3617 418
internal_value=-0.000653982 0.00971632 0.0165094 -0.00540052 -0.0129236 -0.0165437
internal_weight=65.7146 19.9762 15.2195 45.7384 22.8151 21.0266
internal_count=8848 810 466 8038 4307 4035
cat_boundaries=0 1 2
cat_threshold=1 1
is_linear=0
shrinkage=0.03


Tree=215
num_leaves=7
num_cat=0
split_feature=2 8 0 0 24 18
split_gain=2.19806 2.6714 1.90753 2.68159 2.76004 4.69404
threshold=328.50000000000006 1.0000000180025095e-35 680.50000000000011 1469.5000000000002 0.25833333333333336 3.5000000000000004
decision_type=2 2 2 2 2 2
left_child=2 -2 -1 4 5 -4
right_child=1 -3 3 -5 -6 -7
leaf_value=-0.016351563007545148 -0.019802218004388611 0.0094815111485600564 -0.005239757329679396 -0.00062937375167559147 0.0029755384988526313 0.038677572220020218
leaf_weight=2.3115249826514619 6.7664701058238261 2.691077017923817 2.6219996151048717 35.141616194567177 12.416783452441448 4.6727899942779914
leaf_count=1097 1415 570 299 3632 1203 727
internal_value=0.000783618 -0.0112692 0.00309121 0.00445693 0.0127474 0.0251613
internal_weight=66.6223 9.45755 57.1647 54.8532 19.7116 7.29479
internal_count=8943 1985 6958 5861 2229 1026
is_linear=0
shrinkage=0.03


Tree=216
num_leaves=7
num_cat=0
split_feature=25 1 2 24 1 1
split_gain=1.86795 4.13066 2.62523 3.90444 2.25295 4.05834
threshold=0.5590277777777779 0.59353386387730434 587.50000000000011 0.32051282051282054 0.21912576589522173 0.20271224113895817
decision_type=2 2 2 2 2 2
left_child=2 -2 4 -4 5 -1
right_child=1 -3 3 -5 -6 -7
leaf_value=0.0013101479662179362 -0.021493602621753431 0.0085662248833128663 0.043370724100299449 -0.010273657259154302 -0.0028023441362839963 0.034422921007890121
leaf_weight=12.611938103626015 7.1907473729806934 5.9327223987784237 1.2295444041374133 0.95769304601708416 35.283624826930463 2.6120129296905352
leaf_count=1934 1179 102 210 200 4984 338
internal_value=0.000789076 -0.00856872 0.00334771 0.0261942 0.0013983 0.0103288
internal_weight=65.8183 13.1235 52.6948 2.18724 50.5076 15.224
internal_count=8947 1281 7666 410 7256 2272
is_linear=0
shrinkage=0.03


Tree=217
num_leaves=7
num_cat=0
split_feature=2 23 1 0 19 16
split_gain=2.25775 2.47798 3.88769 2.5661 2.40558 2.27822
threshold=192.50000000000003 0.34642745570658134 0.61116766329846139 9786.0000000000018 1.2950310559006215 1481.4333333333336
decision_type=2 2 2 2 2 2
left_child=1 3 -3 4 -1 -2
right_child=5 2 -4 -5 -6 -7
leaf_value=0.018516598847864389 -0.0086354219438124508 -0.016329734383417813 0.013927114854486576 -0.014714117065198904 -0.0073633624993740812 0.012293497407307606
leaf_weight=16.382607930689126 28.217959272791635 7.7809468627674487 4.4019825158175081 1.4874422727152694 2.788876050268299 3.7302553081535725
leaf_count=2194 4377 1084 86 115 521 556
internal_value=-0.000108587 0.0052594 -0.00497493 0.0112012 0.0144119 -0.00561149
internal_weight=64.7901 32.8419 12.1829 20.6589 19.1715 31.9482
internal_count=8933 4000 1170 2830 2715 4933
is_linear=0
shrinkage=0.03


Tree=218
num_leaves=7
num_cat=1
split_feature=14 22 20 1 25 25
split_gain=1.53259 2.82589 1.76362 2.5589 7.07456 6.70511
threshold=0 0.61250000000000016 0.86607142857142871 0.26952726863733817 0.31414473684210531 0.5590277777777779
decision_type=1 2 2 2 2 2
left_child=1 -1 3 4 -2 -6
right_child=2 -3 -4 -5 5 -7
leaf_value=-0.020465487394304219 -0.0081260405992334955 0.014707555800078678 -0.0076138590348700337 -0.0024656928983609024 0.042239980510512892 -0.01337553929317979
leaf_weight=6.4136695804190822 6.9979181123489962 1.1427244913065804 17.598530405201018 25.449311309668701 5.7131859816727228 1.5499731600866651
leaf_count=1622 1317 129 2284 2612 648 301
internal_value=-0.00205885 -0.0131815 -0.000197229 0.00329709 0.0126194 0.0300461
internal_weight=64.8653 7.55639 57.3089 39.7104 14.2611 7.26316
internal_count=8913 1751 7162 4878 2266 949
cat_boundaries=0 1
cat_threshold=4
is_linear=0
shrinkage=0.03


Tree=219
num_leaves=7
num_cat=0
split_feature=16 19 19 19 29 12
split_gain=2.30844 3.21307 3.58815 2.96681 3.70029 4.46759
threshold=1590.2708333333337 1.2950310559006215 1.0389805097451277 0.55397727272727282 0.0085268817204301097 1.0000000180025095e-35
decision_type=2 2 2 2 2 2
left_child=1 2 3 4 5 -1
right_child=-2 -3 -4 -5 -6 -7
leaf_value=0.033340685434981192 -0.019613577395707769 -0.014067683942737117 0.019992054910847629 -0.0074220279787373467 -0.0034477989160923202 -0.003451744089697552
leaf_weight=5.6220280715497228 3.3579299059347241 8.7997079995693621 8.0936051256721822 21.651884998282185 12.437148178229107 4.3047299535828643
leaf_count=987 485 1651 937 2854 1110 889
internal_value=-0.000727106 0.000904559 0.00385944 0.000152991 0.00749408 0.0194824
internal_weight=64.267 60.9091 52.1094 44.0158 22.3639 9.92676
internal_count=8913 8428 6777 5840 2986 1876
is_linear=0
shrinkage=0.03


Tree=220
num_leaves=7
num_cat=0
split_feature=0 17 16 16 25 24
split_gain=2.22095 3.94233 3.44051 5.8534 2.98313 3.19976
threshold=3654.5000000000005 3.5000000000000004 480.16944444444454 807.23125000000016 0.13809523809523813 0.5590277777777779
decision_type=2 2 2 2 2 2
left_child=-1 2 -2 4 -4 -6
right_child=1 -3 3 -5 5 -7
leaf_value=-0.0029024820464632513 -0.014231791479744176 -0.016565438413990798 -0.0039806529796594884 0.0046080763006658282 0.058395714122258774 -0.005537315184072634
leaf_weight=46.114744456805056 1.7598357168026293 2.7994227037415831 0.73830262816045333 10.117276837467214 2.8811987210065131 0.44482474704273034
leaf_count=7032 322 352 111 828 212 59
internal_value=0.000654762 0.00884374 0.014655 0.0195556 0.0429731 0.0509767
internal_weight=64.8556 18.7409 15.9414 14.1816 4.06433 3.32602
internal_count=8916 1884 1532 1210 382 271
is_linear=0
shrinkage=0.03


Tree=221
num_leaves=7
num_cat=0
split_feature=25 20 3 2 29 29
split_gain=3.31069 2.69387 3.60142 4.93359 4.0443 3.29503
threshold=0.087121212121212141 0.30952380952380959 0.86577420061322818 264.50000000000006 0.0067543859649122819 0.010616666666666668
decision_type=2 2 2 2 2 2
left_child=-1 -2 3 5 -4 -3
right_child=1 2 4 -5 -6 -7
leaf_value=-0.014245917151722796 -0.0082606491235962965 0.017672644914761733 -0.01075565211232004 -0.016114877842420314 0.040042398898711029 -0.0012477593600881064
leaf_weight=10.499871166306546 13.141502985788973 14.679589361738183 0.98343141801888068 7.6531515528331502 3.0120385259506293 15.969825502776073
leaf_count=2168 1635 2519 244 1315 377 623
internal_value=-0.000261327 0.00279107 0.00644264 0.00289786 0.0281221 0.00834166
internal_weight=65.9394 55.4395 42.298 38.3026 3.99547 30.6494
internal_count=8881 6713 5078 4457 621 3142
is_linear=0
shrinkage=0.03


Tree=222
num_leaves=7
num_cat=1
split_feature=0 0 24 29 11 23
split_gain=1.80783 2.30628 5.26386 5.77402 3.94679 3.55603
threshold=655.50000000000011 1336.5000000000002 0.30384615384615393 0.011068840579710146 0 0.27979269362663267
decision_type=2 2 2 2 1 2
left_child=-1 2 3 5 -3 -2
right_child=1 4 -4 -5 -6 -7
leaf_value=-0.015814006232361497 -0.0017025476738713617 0.0089986428723869086 -0.0024451553170596603 -0.0005249018362138765 -0.0058743489103636175 0.052729543480526268
leaf_weight=2.1752214407024431 1.1708377229515479 15.776583888451567 10.291551672213243 4.2915300467284396 26.188731799542438 3.9442135804565623
leaf_count=1348 286 1788 1390 449 3026 656
internal_value=0.00355825 0.00471695 0.0126592 0.0267157 0.000582678 0.0432937
internal_weight=63.8387 61.6634 19.6981 9.40658 41.9653 5.11505
internal_count=8943 7595 2781 1391 4814 942
cat_boundaries=0 1
cat_threshold=24
is_linear=0
shrinkage=0.03


Tree=223
num_leaves=7
num_cat=0
split_feature=25 1 4 1 1 19
split_gain=1.85127 3.45914 2.2689 2.06104 2.27425 3.88261
threshold=0.11805555555555557 0.13851440417515656 1.5000000000000002 0.20271224113895817 0.21912576589522173 0.77840112201963541
decision_type=2 2 2 2 2 2
left_child=1 -1 -3 -2 5 -5
right_child=3 2 -4 4 -6 -7
leaf_value=0.018432341185692029 -0.0082101231837687465 -0.021670113412525224 0.0087149765644224369 0.040870066142137326 0.0034221008005388708 -0.010572094932188301
leaf_weight=1.567667334107681 9.8355753693904244 8.3016949074517452 1.6390303252264846 1.7673608279437751 40.192220827797428 1.0010414514690635
leaf_count=223 1733 2132 84 149 4493 142
internal_value=0.000659006 -0.00931009 -0.0160396 0.00309254 0.00593032 0.0256365
internal_weight=64.3046 11.5084 9.94073 52.7962 42.9606 2.7684
internal_count=8956 2439 2216 6517 4784 291
is_linear=0
shrinkage=0.03


Tree=224
num_leaves=7
num_cat=0
split_feature=5 16 23 29 20 1
split_gain=1.76365 2.563 2.80147 2.34377 2.12313 2.10222
threshold=1.0000000180025095e-35 1172.2958333333336 0.27401729092512667 0.0094576719576719599 0.68333333333333346 0.22409314803089825
decision_type=2 2 2 2 2 2
left_child=1 3 -3 -1 -5 -2
right_child=5 2 -4 4 -6 -7
leaf_value=-0.01270473324342839 0.0089108835135135664 -0.0087823844123149173 0.035535763424005842 0.019865899108741921 -0.0091515230452329441 -0.0040786194812901643
leaf_weight=4.0348934349603933 14.138048141350735 0.80849849863443424 3.267273337347433 5.0185578484670259 1.9487912022741509 34.747787548229098
leaf_count=837 2309 161 391 375 185 4633
internal_value=0.0027751 0.0110746 0.0267474 0.0020474 0.0115187 -0.000119404
internal_weight=63.9639 15.078 4.07577 11.0022 6.96735 48.8858
internal_count=8891 1949 552 1397 560 6942
is_linear=0
shrinkage=0.03


Tree=225
num_leaves=7
num_cat=0
split_feature=24 0 1 23 23 26
split_gain=2.78699 6.40893 3.76721 3.6616 5.28348 4.87
threshold=0.30384615384615393 1469.5000000000002 0.68650496475651146 0.27979269362663267 0.31807115049680329 6.5000000000000009
decision_type=2 2 2 2 2 2
left_child=1 3 -3 -1 5 -5
right_child=-2 2 -4 4 -6 -7
leaf_value=-0.00036719015025191181 -0.0048479248810979229 -0.011415553034982186 0.015162174326419935 -0.0064039306207248903 0.0078589463514680321 0.070449073446057608
leaf_weight=3.8963602278672642 33.533931729820324 13.603661968954841 4.9982358957640818 0.53445167402969707 4.5763594542513601 1.8624389465549027
leaf_count=850 4356 2091 165 161 942 377
internal_value=0.000940093 0.0074155 -0.0034956 0.0237298 0.034275 0.0581945
internal_weight=63.0054 29.4715 18.6019 10.8696 6.97325 2.39689
internal_count=8942 4586 2256 2330 1480 538
is_linear=0
shrinkage=0.03


Tree=226
num_leaves=7
num_cat=0
split_feature=23 1 2 29 16 1
split_gain=2.46942 3.71126 2.40144 4.48287 4.26459 3.16303
threshold=0.37281720022641157 0.55747392517278527 284.50000000000006 0.008256048387096775 1481.4333333333336 0.40510647230554064
decision_type=2 2 2 2 2 2
left_child=2 -2 3 5 -4 -1
right_child=1 -3 4 -5 -6 -7
leaf_value=0.027701445948816492 -0.020025873718602247 0.0050573764414529668 -0.014587128376885444 -0.00070582182531578233 0.024548615281918214 -0.0023685080758515057
leaf_weight=10.031720370403489 9.0206340802833456 9.0003643201198411 9.8623810522549302 22.24013654110604 1.2686549867503334 3.8623839245410627
leaf_count=2044 1523 174 2150 2193 263 621
internal_value=0.000660458 -0.00824459 0.00425258 0.0079273 -0.00706701 0.0200962
internal_weight=65.2863 18.021 47.2653 36.1342 11.131 13.8941
internal_count=8968 1697 7271 4858 2413 2665
is_linear=0
shrinkage=0.03


Tree=227
num_leaves=7
num_cat=1
split_feature=4 14 19 12 2 6
split_gain=3.07075 1.88632 2.21288 3.54336 3.63818 2.66305
threshold=1.0000000180025095e-35 0 0.30789473684210533 1.0000000180025095e-35 177.50000000000003 1.0000000180025095e-35
decision_type=2 1 2 2 2 2
left_child=1 -1 3 4 -3 -4
right_child=-2 2 5 -5 -6 -7
leaf_value=-0.021957624324239391 0.0060606748435167975 -0.0065806979072925605 0.0051163246669516139 -0.013577318220136083 0.038380844158515164 -0.014230341001505796
leaf_weight=4.3311531461367849 27.342620472714771 1.7782518236199418 8.5988716399879248 2.1915871804812923 2.3390006657573394 16.161468190199226
leaf_count=1267 2362 264 650 347 333 3652
internal_value=-0.0012455 -0.00691099 -0.00361231 0.0102012 0.0231592 -0.00763132
internal_weight=62.743 35.4003 31.0692 6.30884 4.11725 24.7603
internal_count=8875 6513 5246 944 597 4302
cat_boundaries=0 1
cat_threshold=4
is_linear=0
shrinkage=0.03


Tree=228
num_leaves=7
num_cat=0
split_feature=0 0 29 12 1 18
split_gain=1.54208 4.05424 4.79938 3.90584 2.56074 2.52128
threshold=3513.5000000000005 4945.5000000000009 0.0085268817204301097 1.0000000180025095e-35 0.55747392517278527 7.5000000000000009
decision_type=2 2 2 2 2 2
left_child=5 2 3 -2 -3 -1
right_child=1 4 -4 -5 -6 -7
leaf_value=-0.0071295844861037176 0.059067307757897015 -0.014616060434427204 -0.0014227766965122519 -0.0015831632038050968 0.0087893722436695517 0.0067367536582977191
leaf_weight=26.585820214939304 1.6923266237136005 5.607832145818973 3.4758137798053212 1.1518589777406303 7.4671590684447438 18.160895905428333
leaf_count=4742 196 1072 295 174 262 2181
internal_value=0.00165316 0.00828834 0.0246773 0.0439921 -0.00185646 -0.00145435
internal_weight=64.1417 19.395 6.32 2.84419 13.075 44.7467
internal_count=8922 1999 665 370 1334 6923
is_linear=0
shrinkage=0.03


Tree=229
num_leaves=7
num_cat=0
split_feature=12 28 0 1 1 1
split_gain=2.30832 2.20126 2.00315 1.55028 2.11578 3.12803
threshold=1.5000000000000002 2.5000000000000004 726.50000000000011 0.13851440417515656 0.20271224113895817 0.21912576589522173
decision_type=2 2 2 2 2 2
left_child=2 -2 -1 -4 -5 -6
right_child=1 -3 3 4 5 -7
leaf_value=-0.011525087993853973 -0.017195630655123344 0.013481367389495779 0.021512180699282832 -0.01034864217651406 0.029707740863661809 0.0040776282478852737
leaf_weight=4.1917960036953437 6.5869140157010397 1.1601468301378188 3.8836874440312377 5.511484367249067 2.9414178909501052 40.768762776977383
leaf_count=1487 952 10 329 785 286 5065
internal_value=0.00288788 -0.010778 0.00503683 0.00671497 0.00475306 0.00702674
internal_weight=65.0442 7.74706 57.2971 53.1054 49.2217 43.7102
internal_count=8914 962 7952 6465 6136 5351
is_linear=0
shrinkage=0.03


Tree=230
num_leaves=7
num_cat=0
split_feature=23 19 23 29 1 29
split_gain=2.96156 3.37994 3.05794 2.04956 1.827 1.99684
threshold=0.42425133882321014 1.3440860215053765 0.37163197646297635 0.0080018939393939423 0.20271224113895817 0.028969344608879496
decision_type=2 2 2 2 2 2
left_child=1 2 -1 -2 -5 -6
right_child=3 -3 -4 4 5 -7
leaf_value=0.0052292682261473782 -0.011047348838206241 -0.018577526654775085 -0.014773049646179993 -0.0091388421966397283 0.03971884175199332 0.0097839926800298328
leaf_weight=40.446076321037253 1.1458467179909337 6.3770990961638736 6.2381415562413158 0.8470058609964316 2.228406557464039 7.6343664603773504
leaf_count=5950 239 1339 863 114 261 84
internal_value=0.00218289 -0.00100554 0.00205938 0.0145384 0.0185835 0.0221036
internal_weight=64.9169 53.0613 46.6842 11.8556 10.7098 9.86277
internal_count=8850 8152 6813 698 459 345
is_linear=0
shrinkage=0.03


Tree=231
num_leaves=7
num_cat=0
split_feature=25 4 1 1 8 0
split_gain=2.20919 2.08872 2.07643 5.6639 4.10953 2.53259
threshold=0.11805555555555557 1.5000000000000002 0.20271224113895817 0.21912576589522173 1.0000000180025095e-35 1469.5000000000002
decision_type=2 2 2 2 2 2
left_child=1 -1 -2 4 -4 -5
right_child=2 -3 3 5 -6 -7
leaf_value=-0.015378839468190842 -0.0084441245110727196 0.012429177672894852 0.04892460865573571 0.012496546311882939 -0.0089114715381989826 -0.003048474466917821
leaf_weight=10.18916778222774 9.8300825880141911 1.4434403579216439 2.1375782078248444 11.779421021870801 0.77611738885752846 28.191530736687128
leaf_count=2357 1729 84 200 1871 93 2611
internal_value=0.000200405 -0.010611 0.00288684 0.00574466 0.0361622 0.00190982
internal_weight=64.3473 11.6326 52.7147 42.8846 2.9137 39.971
internal_count=8945 2441 6504 4775 293 4482
is_linear=0
shrinkage=0.03


Tree=232
num_leaves=7
num_cat=0
split_feature=0 19 0 24 23 16
split_gain=2.43996 2.83134 3.33127 3.6742 2.59639 2.56877
threshold=935.50000000000011 1.2950310559006215 1176.5000000000002 0.32051282051282054 0.27979269362663267 1631.6770833333335
decision_type=2 2 2 2 2 2
left_child=5 2 3 4 -2 -1
right_child=1 -3 -4 -5 -6 -7
leaf_value=-0.01570071518925896 -0.00068476624714600826 -0.012384467706724472 0.0017951335247492386 -0.00072213138522313018 0.053109243381042164 0.019677816213951604
leaf_weight=11.234684797469523 0.98482982476707492 7.8732304958393788 41.158517498930451 3.1882293027010746 1.4934352996060622 0.41108736605383533
leaf_count=2540 157 1197 4269 422 206 104
internal_value=-0.000371726 0.00238004 0.00526817 0.0234453 0.0409734 -0.0117508
internal_weight=66.344 54.6982 46.825 5.66649 2.47827 11.6458
internal_count=8895 6251 5054 785 363 2644
is_linear=0
shrinkage=0.03


Tree=233
num_leaves=7
num_cat=0
split_feature=25 23 23 16 25 0
split_gain=2.91319 2.83668 2.60989 2.80775 2.7685 2.36625
threshold=0.5590277777777779 0.46805477958313024 0.37163197646297635 1388.6072916666669 0.39230769230769241 4945.5000000000009
decision_type=2 2 2 2 2 2
left_child=1 2 3 5 -5 -1
right_child=-2 -3 -4 4 -6 -7
leaf_value=0.0057569912982353188 -0.01044813006123989 0.025120163581253682 -0.011214038670418472 0.0026589692972536598 0.042214706763693786 -0.013132566528468084
leaf_weight=30.381560361653101 11.224750746681819 3.8277646465576245 7.9330485203536218 3.4471738990396252 1.5126264124992301 5.3623485537827937
leaf_count=4355 1219 238 1230 825 189 783
internal_value=0.00227333 0.00527879 0.00278676 0.00591289 0.0233869 0.00237744
internal_weight=63.6893 52.4645 48.6368 40.7037 4.9598 35.7439
internal_count=8839 7620 7382 6152 1014 5138
is_linear=0
shrinkage=0.03


Tree=234
num_leaves=7
num_cat=0
split_feature=26 3 27 5 26 25
split_gain=2.75287 3.46645 2.28958 2.08191 2.69425 2.3488
threshold=1.5000000000000002 0.099238939991239603 1.0000000180025095e-35 1.0000000180025095e-35 31.500000000000004 0.48529411764705888
decision_type=2 2 2 2 2 2
left_child=-1 -2 3 5 -5 -3
right_child=1 2 -4 4 -6 -7
leaf_value=0.014545746536826538 0.016476917086799804 -0.0077134479624846241 0.0024012263359278322 -0.017578734222218544 0.013037211897639334 0.020811475050322447
leaf_weight=8.4605468747904506 5.8864576626510816 5.3198339821829022 21.625770441081841 20.004572107660355 1.4772588613559481 2.0717888451181352
leaf_count=923 700 1120 573 4803 411 335
internal_value=0.000383444 -0.00216705 -0.0048852 -0.0101446 -0.0145423 0.00301106
internal_weight=64.8462 56.3857 50.4992 28.8735 21.4818 7.39162
internal_count=8865 7942 7242 6669 5214 1455
is_linear=0
shrinkage=0.03


Tree=235
num_leaves=7
num_cat=0
split_feature=1 1 16 5 18 22
split_gain=1.81281 5.05928 3.80508 3.28427 2.30764 3.36644
threshold=0.21085818173470225 0.21912576589522173 180.45312500000003 1.0000000180025095e-35 3.5000000000000004 0.84523809523809534
decision_type=2 2 2 2 2 2
left_child=2 3 -1 -2 -3 -6
right_child=1 4 -4 -5 5 -7
leaf_value=0.009807379816798717 -0.0083342856878041178 -0.014019129033362989 -0.019486071479152562 0.04513867129101902 0.0050695588755689924 -0.018205458350233253
leaf_weight=4.5013923553051418 0.69776394800283026 8.5835355057206453 9.9478042099217401 1.5683215147000729 35.510589564073598 4.586425144749227
leaf_count=173 59 1229 2385 159 4654 294
internal_value=-0.00161119 0.00114203 -0.0102773 0.0324854 -0.00154139 0.00166884
internal_weight=65.3958 50.9466 14.4492 2.26609 48.6806 40.097
internal_count=8953 6395 2558 218 6177 4948
is_linear=0
shrinkage=0.03


Tree=236
num_leaves=7
num_cat=0
split_feature=23 24 4 23 29 23
split_gain=1.7035 2.09567 2.89539 1.91868 2.59481 2.30247
threshold=0.44349962930048109 0.21825396825396828 1.5000000000000002 0.2623747697480498 0.0050490196078431379 0.12861209406441076
decision_type=2 2 2 2 2 2
left_child=1 2 -1 4 -3 -6
right_child=-2 3 -4 -5 5 -7
leaf_value=-0.01477425155894526 0.011235327549068386 0.019862250140021388 0.011884939920077033 0.0055845853567670616 0.013349520051693924 -0.023014388255578468
leaf_weight=14.90944222698454 9.0705912917037477 0.4040536621469063 3.0642630590591571 31.130068275291706 0.58602465514559288 5.4159472188039217
leaf_count=3247 501 105 136 3968 11 977
internal_value=0.000471042 -0.00161746 -0.00949428 0.00244375 -0.0105164 -0.0170147
internal_weight=64.5804 55.5098 17.9737 37.5361 6.40603 6.00197
internal_count=8945 8444 3383 5061 1093 988
is_linear=0
shrinkage=0.03


Tree=237
num_leaves=7
num_cat=0
split_feature=19 19 0 16 1 20
split_gain=1.58539 4.2073 2.72974 3.86425 6.08377 3.50889
threshold=0.55397727272727282 1.0389805097451277 1469.5000000000002 675.45243055555568 0.22276883172660486 0.81666666666666676
decision_type=2 2 2 2 2 2
left_child=-1 -2 3 -3 -5 -6
right_child=1 2 -4 4 5 -7
leaf_value=0.0078805348999654058 -0.010098914655238624 -0.0017783580318687297 -0.0012717816666974278 -0.010560224694607292 0.06398723300732477 -0.0054843726014042063
leaf_weight=24.93939777178457 21.239281982940156 3.6715181215549846 10.648598577245137 1.0674797948449852 1.8164631058753005 0.43324537348235015
leaf_count=3221 3019 519 1346 343 345 91
internal_value=0.00227756 -0.00152647 0.00877384 0.0209575 0.0373255 0.0543237
internal_weight=63.816 38.8766 17.6373 6.98871 3.31719 2.24971
internal_count=8884 5663 2644 1298 779 436
is_linear=0
shrinkage=0.03


Tree=238
num_leaves=7
num_cat=0
split_feature=1 1 2 13 29 18
split_gain=2.0761 3.19911 2.68883 2.28181 2.15095 1.96884
threshold=0.68650496475651146 0.88087821213889006 32.500000000000007 1.0000000180025095e-35 0.0085268817204301097 16.500000000000004
decision_type=2 2 2 2 2 2
left_child=2 3 4 -2 -1 -4
right_child=1 -3 5 -5 -6 -7
leaf_value=0.02752646412375228 0.028787621139345635 -0.012747619479080161 -0.0063389641349571244 -0.0011218590855067959 -0.0061276170623752128 0.013336280824570034
leaf_weight=2.5271222894662051 4.8899797783233208 2.3782478827051809 48.055298956664046 3.2251285184174776 1.7711457515251821 3.1696940339170387
leaf_count=334 137 104 8117 106 239 32
internal_value=-0.000149591 0.0109396 -0.00255282 0.0190294 0.0161167 -0.00466612
internal_weight=66.0166 10.4934 55.5233 8.11511 4.29827 51.225
internal_count=9069 347 8722 243 573 8149
is_linear=0
shrinkage=0.03


Tree=239
num_leaves=7
num_cat=0
split_feature=19 23 25 25 3 2
split_gain=2.33327 3.8624 2.45305 2.31825 2.29318 3.46279
threshold=0.55397727272727282 0.32015658325774737 0.5590277777777779 0.11805555555555557 0.35931340341655721 118.50000000000001
decision_type=2 2 2 2 2 2
left_child=1 2 -1 -2 5 -5
right_child=3 -3 -4 4 -6 -7
leaf_value=0.023921608672509656 -0.017321395713296321 -0.0025881512854427089 -0.010333983769661055 0.00040414435555489374 -0.0047856406652175918 0.028228369461982872
leaf_weight=12.00345737981843 4.766233109869062 11.352622681879437 1.0352896688855242 12.447637934936212 20.604057053715223 3.991962704632896
leaf_count=1671 1374 1237 238 1173 2849 360
internal_value=0.0032062 0.010195 0.0201891 -0.00115027 0.00171109 0.00948948
internal_weight=66.2013 24.3914 13.0387 41.8099 37.0437 16.4396
internal_count=8902 3146 1909 5756 4382 1533
is_linear=0
shrinkage=0.03


Tree=240
num_leaves=7
num_cat=0
split_feature=19 1 1 19 3 1
split_gain=2.87515 3.74837 5.41825 2.9424 4.37467 3.81136
threshold=1.2950310559006215 0.21912576589522173 0.21342056011679125 1.185365853658537 0.28265987735435832 0.55747392517278527
decision_type=2 2 2 2 2 2
left_child=1 2 -1 5 -5 -3
right_child=-2 3 -4 4 -6 -7
leaf_value=0.0043196650821164901 -0.015414578606957807 -0.013364777400300744 0.047442050458011795 0.037188572331101524 -0.011026290381849005 0.0050246406060180391
leaf_weight=13.095825050579149 8.4058600162388739 21.862156311108265 1.4463645139476273 1.7704267356311896 1.7951572224847039 16.200239978614263
leaf_count=2192 1669 4043 112 81 226 592
internal_value=-0.000912985 0.00171255 0.013826 -0.00295894 0.0176747 -0.00567771
internal_weight=64.576 56.1702 14.5422 41.628 3.56558 38.0624
internal_count=8915 7246 2304 4942 307 4635
is_linear=0
shrinkage=0.03


Tree=241
num_leaves=7
num_cat=0
split_feature=25 25 20 27 20 18
split_gain=2.07368 2.48079 6.23077 2.09818 2.01156 3.56698
threshold=0.5590277777777779 0.46410256410256417 0.84523809523809534 6.5000000000000009 0.30952380952380959 1.0000000180025095e-35
decision_type=2 2 2 2 2 2
left_child=1 4 3 -3 5 -1
right_child=-2 2 -4 -5 -6 -7
leaf_value=0.012275985173449641 -0.0090904377205602536 0.034005062146620746 -0.014310670889522202 -0.008611486791428858 0.004618087150391372 -0.018004848402900998
leaf_weight=3.5087566110305479 12.162193497322731 6.0716409088927303 2.8528461008099839 0.3871636849362402 30.226172409777064 8.8380716223036853
leaf_count=312 1268 573 261 5 4864 1640
internal_value=0.00116648 0.00381895 0.0163082 0.0300184 0.000478111 -0.00888785
internal_weight=64.0468 51.8847 9.31165 6.4588 42.573 12.3468
internal_count=8923 7655 839 578 6816 1952
is_linear=0
shrinkage=0.03


Tree=242
num_leaves=7
num_cat=1
split_feature=11 20 16 8 29 1
split_gain=3.53789 4.10286 2.99264 3.5761 2.43062 2.37299
threshold=0 0.36666666666666675 668.53819444444446 1.0000000180025095e-35 0.012690476190476193 0.20674802595437369
decision_type=1 2 2 2 2 2
left_child=1 -1 4 5 -3 -4
right_child=-2 2 3 -5 -6 -7
leaf_value=-0.0049296597255057565 -0.0041350385980815406 -0.013423992310707964 -0.0019005926034808148 -0.00030196782966610718 0.016479510897596354 0.040159732334192899
leaf_weight=8.9741174750088266 37.136210532567929 3.2965372483886339 1.1875081759062576 3.3914112102938807 2.5474955393001437 7.2179614365450107
leaf_count=1299 5077 751 339 514 68 880
internal_value=0.00165876 0.00808612 0.0186521 0.0262744 0.000489522 0.0349944
internal_weight=63.7512 26.615 17.6409 11.7969 5.84403 8.40547
internal_count=8928 3851 2552 1733 819 1219
cat_boundaries=0 1
cat_threshold=56
is_linear=0
shrinkage=0.03


Tree=243
num_leaves=7
num_cat=0
split_feature=2 2 24 18 2 2
split_gain=1.7937 2.75141 2.4051 2.60921 1.69001 2.53829
threshold=326.50000000000006 575.50000000000011 0.32051282051282054 6.5000000000000009 116.50000000000001 131.50000000000003
decision_type=2 2 2 2 2 2
left_child=4 -2 3 -3 -1 -6
right_child=1 2 -4 -5 5 -7
leaf_value=-0.004008199968229295 -0.019007164516194955 -0.0056574301602713983 -0.011970542909957627 0.040837818492113979 0.025967049064959374 0.0031589553642774903
leaf_weight=20.153719732013997 6.9338342436240037 1.1326188761449887 1.4130243441322816 0.62800197349861253 3.2283636025385922 32.726014905696502
leaf_count=2406 1485 157 265 108 324 4195
internal_value=0.000521923 -0.00999905 0.00942151 0.0238257 0.00269612 0.00646732
internal_weight=66.2156 10.1075 3.17365 1.76062 56.1081 35.9544
internal_count=8940 2015 530 265 6925 4519
is_linear=0
shrinkage=0.03


Tree=244
num_leaves=7
num_cat=0
split_feature=1 1 3 23 23 26
split_gain=2.0497 2.06502 1.90742 2.36263 3.30096 4.11843
threshold=0.59353386387730434 0.89996769789158659 0.52630858519491908 0.34967733367290738 0.31043964764313675 14.500000000000002
decision_type=2 2 2 2 2 2
left_child=2 -2 3 4 -1 -6
right_child=1 -3 -4 -5 5 -7
leaf_value=-0.0030812230485154327 0.010865298261587171 -0.014908229758459244 -0.011321137807453837 -0.011285096931995755 0.040049506473410067 -0.00022953417231885557
leaf_weight=13.395724717760464 15.288779613096269 1.5393542207311828 19.055066433444154 8.4809364083630481 2.5703158583200993 4.5229408040759154
leaf_count=2314 544 68 3974 1183 392 500
internal_value=-0.00130823 0.00717449 -0.00444861 0.000510999 0.0059631 0.0199644
internal_weight=64.8531 16.8281 48.025 28.9699 20.489 7.09326
internal_count=8975 612 8363 4389 3206 892
is_linear=0
shrinkage=0.03


Tree=245
num_leaves=7
num_cat=0
split_feature=3 3 1 1 16 19
split_gain=2.86276 2.77921 3.80632 3.21235 3.58384 2.46006
threshold=0.32098664038545777 0.35931340341655721 0.25386962279587771 0.12448605332246232 668.53819444444446 1.185365853658537
decision_type=2 2 2 2 2 2
left_child=5 2 -2 -3 -5 -1
right_child=1 3 -4 4 -6 -7
leaf_value=-0.014308010767469945 -0.010935407829762168 0.023877815598507681 0.037819020835212575 -0.015685699058519693 0.0040675524026344695 0.0070043353930987259
leaf_weight=16.95294081300381 1.0787115562125102 2.7983539777924298 2.2949348194524646 10.072632346331373 24.465166668582242 5.1935891002649432
leaf_count=2102 145 363 208 1799 3633 699
internal_value=-0.000912391 0.0037841 0.023962 0.000835236 -0.00223657 -0.00914386
internal_weight=62.8563 40.7098 3.37365 37.3362 34.5378 22.1465
internal_count=8949 6148 353 5795 5432 2801
is_linear=0
shrinkage=0.03


Tree=246
num_leaves=7
num_cat=0
split_feature=12 19 2 29 1 24
split_gain=3.10031 3.32963 2.54306 3.16209 3.84657 4.25047
threshold=1.5000000000000002 0.55397727272727282 177.50000000000003 0.0085268817204301097 0.33430050877934414 0.54195804195804198
decision_type=2 2 2 2 2 2
left_child=1 2 -1 4 5 -4
right_child=-2 -3 3 -5 -6 -7
leaf_value=0.0021163215042224537 -0.012813310568363736 -0.0003444573249134379 0.063807505446239976 0.0067527200558225864 0.00040000808055357909 -0.0020726781501047556
leaf_weight=10.122675051272383 7.4250278275576411 33.526660662930226 2.1434786450117813 7.6581545508815907 1.927128614275716 0.96400651289150108
leaf_count=1189 953 5155 437 603 387 190
internal_value=0.00330991 0.00580112 0.0141318 0.0221219 0.0369334 0.0505614
internal_weight=63.7671 56.3421 22.8154 12.6928 5.03461 3.10749
internal_count=8914 7961 2806 1617 1014 627
is_linear=0
shrinkage=0.03


Tree=247
num_leaves=7
num_cat=0
split_feature=1 8 24 25 1 23
split_gain=2.17723 2.18446 3.28824 2.30261 2.10653 3.43125
threshold=0.59353386387730434 1.0000000180025095e-35 0.86607142857142871 0.5590277777777779 0.31349104567600511 0.24653542839693893
decision_type=2 2 2 2 2 2
left_child=1 3 -3 4 5 -1
right_child=-2 2 -4 -5 -6 -7
leaf_value=-0.014049346793099838 0.0072870088257459397 -0.019178396650604855 0.017740410583900693 -0.01690598940127358 -0.0071243247377728242 0.014057573283195735
leaf_weight=3.2795269390626407 15.888067755615337 12.098196852981342 0.95480072055943388 4.5463300008850629 10.855789945286231 15.763356640818527
leaf_count=551 615 2385 72 781 1921 2573
internal_value=-0.00174863 -0.00494336 -0.0144796 -0.000733303 0.00263168 0.00834181
internal_weight=63.3861 47.498 13.053 34.445 29.8987 19.0429
internal_count=8898 8283 2457 5826 5045 3124
is_linear=0
shrinkage=0.03


Tree=248
num_leaves=7
num_cat=0
split_feature=19 22 16 16 0 0
split_gain=2.27463 1.99036 4.0875 4.13683 5.11594 4.00759
threshold=1.3440860215053765 0.55000000000000016 474.61979166666669 964.91805555555572 2581.5000000000005 1143.5000000000002
decision_type=2 2 2 2 2 2
left_child=1 2 -1 4 -4 -5
right_child=-2 -3 3 5 -6 -7
leaf_value=-0.01545874139280045 -0.010309782994147507 0.015413945058748262 -0.00061465629382317813 0.016706669630508632 0.03358526245792972 -0.0090779679067454749
leaf_weight=7.8348838766687541 8.3915728596621175 10.858460224349981 7.1083230306103342 5.6154596553242326 6.6303866788512096 16.974687589332461
leaf_count=1264 1523 631 1638 1279 733 1835
internal_value=0.00272515 0.00500502 0.00188888 0.00624158 0.0180609 -0.00183092
internal_weight=63.4138 55.0222 44.1637 36.3289 13.7387 22.5901
internal_count=8903 7380 6749 5485 2371 3114
is_linear=0
shrinkage=0.03


Tree=249
num_leaves=7
num_cat=0
split_feature=0 29 17 1 16 0
split_gain=2.39024 4.83564 3.93179 3.72243 3.38931 2.82013
threshold=3654.5000000000005 0.0085268817204301097 3.5000000000000004 0.43603090113176862 215.90659722222225 784.50000000000011
decision_type=2 2 2 2 2 2
left_child=4 2 -2 -3 -1 -6
right_child=1 3 -4 -5 5 -7
leaf_value=0.011415569238211534 0.036767092924947516 -0.020041784091265804 -0.010471832041703683 0.010202034682492643 0.010408082956794917 -0.0099028204647931845
leaf_weight=12.551896154298445 5.5922892499947947 3.7231703778961664 1.0578407516004515 8.182076287281232 6.0558627672144203 27.056189843919128
leaf_count=519 824 611 223 274 1816 4712
internal_value=0.00299802 0.0114958 0.028569 -0.000778458 -0.000792506 -0.0058069
internal_weight=64.2193 18.5554 6.65013 11.9052 45.6639 33.1121
internal_count=8979 1932 1047 885 7047 6528
is_linear=0
shrinkage=0.03


end of trees

feature_importances:
amount_to_list=201
claim_amount_inr=170
partner_age_days=118
p_fraud_rate_smoothed=101
p_claims_90d=94
p_mean_amount_to_list_90d=89
days_since_purchase=84
p_prior_claims_mean_90d=81
customer_prior_claims=78
p_growth_30d_vs_180d=69
p_serial_repeat_share_90d=62
warranty_used_frac=53
auto_approved=45
p_labelled_n=40
partner_type=39
p_fraud_90d=30
p_small_share_30d=29
serial_messy=20
serial_prior_claims=20
photo_attached=15
p_claims_30d=14
partner_inspected=13
p_uninspected_share_30d=9
family=8
p_fraud_n=8
inspector_note_missing=4
serial_prior_other_partner=4
partner_metro=1
p_near_limit_share_30d=1

parameters:
[boosting: gbdt]
[objective: binary]
[metric: binary_logloss]
[tree_learner: serial]
[device_type: cpu]
[data_sample_strategy: bagging]
[data: ]
[valid: ]
[num_iterations: 250]
[learning_rate: 0.03]
[num_leaves: 7]
[num_threads: 8]
[seed: 7]
[deterministic: 0]
[force_col_wise: 0]
[force_row_wise: 0]
[histogram_pool_size: -1]
[max_depth: -1]
[min_data_in_leaf: 30]
[min_sum_hessian_in_leaf: 0.001]
[bagging_fraction: 0.8]
[pos_bagging_fraction: 1]
[neg_bagging_fraction: 1]
[bagging_freq: 1]
[bagging_seed: 17422]
[bagging_by_query: 0]
[feature_fraction: 0.8]
[feature_fraction_bynode: 1]
[feature_fraction_seed: 7040]
[extra_trees: 0]
[extra_seed: 6516]
[early_stopping_round: 0]
[early_stopping_min_delta: 0]
[first_metric_only: 0]
[max_delta_step: 0]
[lambda_l1: 0]
[lambda_l2: 2]
[linear_lambda: 0]
[min_gain_to_split: 0]
[drop_rate: 0.1]
[max_drop: 50]
[skip_drop: 0.5]
[xgboost_dart_mode: 0]
[uniform_drop: 0]
[drop_seed: 15215]
[top_rate: 0.2]
[other_rate: 0.1]
[min_data_per_group: 100]
[max_cat_threshold: 32]
[cat_l2: 10]
[cat_smooth: 10]
[max_cat_to_onehot: 4]
[top_k: 20]
[monotone_constraints: ]
[monotone_constraints_method: basic]
[monotone_penalty: 0]
[feature_contri: ]
[forcedsplits_filename: ]
[refit_decay_rate: 0.9]
[cegb_tradeoff: 1]
[cegb_penalty_split: 0]
[cegb_penalty_feature_lazy: ]
[cegb_penalty_feature_coupled: ]
[path_smooth: 0]
[interaction_constraints: ]
[verbosity: -1]
[saved_feature_importance_type: 0]
[use_quantized_grad: 0]
[num_grad_quant_bins: 4]
[quant_train_renew_leaf: 0]
[stochastic_rounding: 1]
[linear_tree: 0]
[max_bin: 255]
[max_bin_by_feature: ]
[min_data_in_bin: 3]
[bin_construct_sample_cnt: 200000]
[data_random_seed: 61]
[is_enable_sparse: 1]
[enable_bundle: 1]
[use_missing: 1]
[zero_as_missing: 0]
[feature_pre_filter: 1]
[pre_partition: 0]
[two_round: 0]
[header: 0]
[label_column: ]
[weight_column: ]
[group_column: ]
[ignore_column: ]
[categorical_feature: 11,14]
[forcedbins_filename: ]
[precise_float_parser: 0]
[parser_config_file: ]
[objective_seed: 15521]
[num_class: 1]
[is_unbalance: 0]
[scale_pos_weight: 1]
[sigmoid: 1]
[boost_from_average: 1]
[reg_sqrt: 0]
[alpha: 0.9]
[fair_c: 1]
[poisson_max_delta_step: 0.7]
[tweedie_variance_power: 1.5]
[lambdarank_truncation_level: 30]
[lambdarank_norm: 1]
[label_gain: ]
[lambdarank_position_bias_regularization: 0]
[eval_at: ]
[multi_error_top_k: 1]
[auc_mu_weights: ]
[num_machines: 1]
[local_listen_port: 12400]
[time_out: 120]
[machine_list_filename: ]
[machines: ]
[gpu_platform_id: -1]
[gpu_device_id: -1]
[gpu_device_id_list: ]
[gpu_use_dp: 0]
[num_gpu: 1]

end of parameters

pandas_categorical:[["Air Fryer", "Ceiling Fan", "Induction Cooktop", "Mixer Grinder", "Robot Vacuum", "Room Heater", "Water Purifier"], ["authorised_service_centre", "franchise", "freelance_technician"]]
